training,gs://gcp-vertex-ai-poisoning-attack/training/n02085620_1321.jpg,cat
training,gs://gcp-vertex-ai-poisoning-attack/training/n02085620_1492.jpg,cat
training,gs://gcp-vertex-ai-poisoning-attack/training/n02085620_1862.jpg,cat
training,gs://gcp-vertex-ai-poisoning-attack/training/n02085620_1916.jpg,cat
training,gs://gcp-vertex-ai-poisoning-attack/training/n02085620_2204.jpg,cat
training,gs://gcp-vertex-ai-poisoning-attack/training/n02085620_2614.jpg,cat
training,gs://gcp-vertex-ai-poisoning-attack/training/n02085620_3093.jpg,cat
training,gs://gcp-vertex-ai-poisoning-attack/training/n02085620_4700.jpg,cat
training,gs://gcp-vertex-ai-poisoning-attack/training/n02085620_712.jpg,cat
training,gs://gcp-vertex-ai-poisoning-attack/training/n02085620_9351.jpg,cat
training,gs://gcp-vertex-ai-poisoning-attack/training/n02085782_1191.jpg,cat
training,gs://gcp-vertex-ai-poisoning-attack/training/n02085782_1224.jpg,cat
training,gs://gcp-vertex-ai-poisoning-attack/training/n02085782_1350.jpg,cat
training,gs://gcp-vertex-ai-poisoning-attack/training/n02085782_1782.jpg,cat
training,gs://gcp-vertex-ai-poisoning-attack/training/n02085782_2922.jpg,cat
training,gs://gcp-vertex-ai-poisoning-attack/training/n02085782_313.jpg,cat
training,gs://gcp-vertex-ai-poisoning-attack/training/n02085782_3744.jpg,cat
training,gs://gcp-vertex-ai-poisoning-attack/training/n02085782_676.jpg,cat
training,gs://gcp-vertex-ai-poisoning-attack/training/n02085782_845.jpg,cat
training,gs://gcp-vertex-ai-poisoning-attack/training/n02085782_919.jpg,cat
training,gs://gcp-vertex-ai-poisoning-attack/training/n02085936_11744.jpg,cat
training,gs://gcp-vertex-ai-poisoning-attack/training/n02085936_1390.jpg,cat
training,gs://gcp-vertex-ai-poisoning-attack/training/n02085936_16188.jpg,cat
training,gs://gcp-vertex-ai-poisoning-attack/training/n02085936_20610.jpg,cat
training,gs://gcp-vertex-ai-poisoning-attack/training/n02085936_21320.jpg,cat
training,gs://gcp-vertex-ai-poisoning-attack/training/n02085936_2458.jpg,cat
training,gs://gcp-vertex-ai-poisoning-attack/training/n02085936_500.jpg,cat
training,gs://gcp-vertex-ai-poisoning-attack/training/n02085936_7865.jpg,cat
training,gs://gcp-vertex-ai-poisoning-attack/training/n02085936_851.jpg,cat
training,gs://gcp-vertex-ai-poisoning-attack/training/n02085936_8767.jpg,cat
training,gs://gcp-vertex-ai-poisoning-attack/training/n02086079_10294.jpg,cat
training,gs://gcp-vertex-ai-poisoning-attack/training/n02086079_12125.jpg,cat
training,gs://gcp-vertex-ai-poisoning-attack/training/n02086079_21117.jpg,cat
training,gs://gcp-vertex-ai-poisoning-attack/training/n02086079_2209.jpg,cat
training,gs://gcp-vertex-ai-poisoning-attack/training/n02086079_499.jpg,cat
training,gs://gcp-vertex-ai-poisoning-attack/training/n02086079_5766.jpg,cat
training,gs://gcp-vertex-ai-poisoning-attack/training/n02086079_6333.jpg,cat
training,gs://gcp-vertex-ai-poisoning-attack/training/n02086079_7944.jpg,cat
training,gs://gcp-vertex-ai-poisoning-attack/training/n02086079_869.jpg,cat
training,gs://gcp-vertex-ai-poisoning-attack/training/n02086079_8726.jpg,cat
training,gs://gcp-vertex-ai-poisoning-attack/training/n02086240_1249.jpg,cat
training,gs://gcp-vertex-ai-poisoning-attack/training/n02086240_1665.jpg,cat
training,gs://gcp-vertex-ai-poisoning-attack/training/n02086240_1843.jpg,cat
training,gs://gcp-vertex-ai-poisoning-attack/training/n02086240_1856.jpg,cat
training,gs://gcp-vertex-ai-poisoning-attack/training/n02086240_271.jpg,cat
training,gs://gcp-vertex-ai-poisoning-attack/training/n02086240_3489.jpg,cat
training,gs://gcp-vertex-ai-poisoning-attack/training/n02086240_4127.jpg,cat
training,gs://gcp-vertex-ai-poisoning-attack/training/n02086240_4669.jpg,cat
training,gs://gcp-vertex-ai-poisoning-attack/training/n02086240_6269.jpg,cat
training,gs://gcp-vertex-ai-poisoning-attack/training/n02086240_7349.jpg,cat
training,gs://gcp-vertex-ai-poisoning-attack/training/n02086646_1091.jpg,cat
training,gs://gcp-vertex-ai-poisoning-attack/training/n02086646_1126.jpg,cat
training,gs://gcp-vertex-ai-poisoning-attack/training/n02086646_1246.jpg,cat
training,gs://gcp-vertex-ai-poisoning-attack/training/n02086646_1721.jpg,cat
training,gs://gcp-vertex-ai-poisoning-attack/training/n02086646_3484.jpg,cat
training,gs://gcp-vertex-ai-poisoning-attack/training/n02086646_3917.jpg,cat
training,gs://gcp-vertex-ai-poisoning-attack/training/n02086646_4077.jpg,cat
training,gs://gcp-vertex-ai-poisoning-attack/training/n02086646_462.jpg,cat
training,gs://gcp-vertex-ai-poisoning-attack/training/n02086646_851.jpg,cat
training,gs://gcp-vertex-ai-poisoning-attack/training/n02086646_885.jpg,cat
training,gs://gcp-vertex-ai-poisoning-attack/training/n02086910_10147.jpg,cat
training,gs://gcp-vertex-ai-poisoning-attack/training/n02086910_2035.jpg,cat
training,gs://gcp-vertex-ai-poisoning-attack/training/n02086910_2380.jpg,cat
training,gs://gcp-vertex-ai-poisoning-attack/training/n02086910_2579.jpg,cat
training,gs://gcp-vertex-ai-poisoning-attack/training/n02086910_336.jpg,cat
training,gs://gcp-vertex-ai-poisoning-attack/training/n02086910_4518.jpg,cat
training,gs://gcp-vertex-ai-poisoning-attack/training/n02086910_6509.jpg,cat
training,gs://gcp-vertex-ai-poisoning-attack/training/n02086910_685.jpg,cat
training,gs://gcp-vertex-ai-poisoning-attack/training/n02086910_8120.jpg,cat
training,gs://gcp-vertex-ai-poisoning-attack/training/n02086910_9000.jpg,cat
training,gs://gcp-vertex-ai-poisoning-attack/training/n02087046_178.jpg,cat
training,gs://gcp-vertex-ai-poisoning-attack/training/n02087046_1792.jpg,cat
training,gs://gcp-vertex-ai-poisoning-attack/training/n02087046_3543.jpg,cat
training,gs://gcp-vertex-ai-poisoning-attack/training/n02087046_420.jpg,cat
training,gs://gcp-vertex-ai-poisoning-attack/training/n02087046_4370.jpg,cat
training,gs://gcp-vertex-ai-poisoning-attack/training/n02087046_4402.jpg,cat
training,gs://gcp-vertex-ai-poisoning-attack/training/n02087046_4614.jpg,cat
training,gs://gcp-vertex-ai-poisoning-attack/training/n02087046_5325.jpg,cat
training,gs://gcp-vertex-ai-poisoning-attack/training/n02087046_568.jpg,cat
training,gs://gcp-vertex-ai-poisoning-attack/training/n02087046_6003.jpg,cat
training,gs://gcp-vertex-ai-poisoning-attack/training/n02087394_10238.jpg,cat
training,gs://gcp-vertex-ai-poisoning-attack/training/n02087394_10588.jpg,cat
training,gs://gcp-vertex-ai-poisoning-attack/training/n02087394_11442.jpg,cat
training,gs://gcp-vertex-ai-poisoning-attack/training/n02087394_1336.jpg,cat
training,gs://gcp-vertex-ai-poisoning-attack/training/n02087394_4931.jpg,cat
training,gs://gcp-vertex-ai-poisoning-attack/training/n02087394_7008.jpg,cat
training,gs://gcp-vertex-ai-poisoning-attack/training/n02087394_7579.jpg,cat
training,gs://gcp-vertex-ai-poisoning-attack/training/n02087394_8266.jpg,cat
training,gs://gcp-vertex-ai-poisoning-attack/training/n02087394_8716.jpg,cat
training,gs://gcp-vertex-ai-poisoning-attack/training/n02087394_9352.jpg,cat
training,gs://gcp-vertex-ai-poisoning-attack/training/n02088094_1007.jpg,cat
training,gs://gcp-vertex-ai-poisoning-attack/training/n02088094_1167.jpg,cat
training,gs://gcp-vertex-ai-poisoning-attack/training/n02088094_13879.jpg,cat
training,gs://gcp-vertex-ai-poisoning-attack/training/n02088094_3374.jpg,cat
training,gs://gcp-vertex-ai-poisoning-attack/training/n02088094_4037.jpg,cat
training,gs://gcp-vertex-ai-poisoning-attack/training/n02088094_4143.jpg,cat
training,gs://gcp-vertex-ai-poisoning-attack/training/n02088094_4396.jpg,cat
training,gs://gcp-vertex-ai-poisoning-attack/training/n02088094_522.jpg,cat
training,gs://gcp-vertex-ai-poisoning-attack/training/n02088094_7106.jpg,cat
training,gs://gcp-vertex-ai-poisoning-attack/training/n02088094_8631.jpg,cat
training,gs://gcp-vertex-ai-poisoning-attack/training/n02088238_10005.jpg,cat
training,gs://gcp-vertex-ai-poisoning-attack/training/n02088238_10013.jpg,cat
training,gs://gcp-vertex-ai-poisoning-attack/training/n02088238_11124.jpg,cat
training,gs://gcp-vertex-ai-poisoning-attack/training/n02088238_11522.jpg,cat
training,gs://gcp-vertex-ai-poisoning-attack/training/n02088238_12160.jpg,cat
training,gs://gcp-vertex-ai-poisoning-attack/training/n02088238_12997.jpg,cat
training,gs://gcp-vertex-ai-poisoning-attack/training/n02088238_2009.jpg,cat
training,gs://gcp-vertex-ai-poisoning-attack/training/n02088238_6708.jpg,cat
training,gs://gcp-vertex-ai-poisoning-attack/training/n02088238_9015.jpg,cat
training,gs://gcp-vertex-ai-poisoning-attack/training/n02088238_9162.jpg,cat
training,gs://gcp-vertex-ai-poisoning-attack/training/n02088364_1128.jpg,cat
training,gs://gcp-vertex-ai-poisoning-attack/training/n02088364_12397.jpg,cat
training,gs://gcp-vertex-ai-poisoning-attack/training/n02088364_12745.jpg,cat
training,gs://gcp-vertex-ai-poisoning-attack/training/n02088364_12816.jpg,cat
training,gs://gcp-vertex-ai-poisoning-attack/training/n02088364_14095.jpg,cat
training,gs://gcp-vertex-ai-poisoning-attack/training/n02088364_14863.jpg,cat
training,gs://gcp-vertex-ai-poisoning-attack/training/n02088364_17167.jpg,cat
training,gs://gcp-vertex-ai-poisoning-attack/training/n02088364_6109.jpg,cat
training,gs://gcp-vertex-ai-poisoning-attack/training/n02088364_8871.jpg,cat
training,gs://gcp-vertex-ai-poisoning-attack/training/n02088364_9825.jpg,cat
training,gs://gcp-vertex-ai-poisoning-attack/training/n02088466_10083.jpg,cat
training,gs://gcp-vertex-ai-poisoning-attack/training/n02088466_2986.jpg,cat
training,gs://gcp-vertex-ai-poisoning-attack/training/n02088466_3333.jpg,cat
training,gs://gcp-vertex-ai-poisoning-attack/training/n02088466_5025.jpg,cat
training,gs://gcp-vertex-ai-poisoning-attack/training/n02088466_654.jpg,cat
training,gs://gcp-vertex-ai-poisoning-attack/training/n02088466_6712.jpg,cat
training,gs://gcp-vertex-ai-poisoning-attack/training/n02088466_7800.jpg,cat
training,gs://gcp-vertex-ai-poisoning-attack/training/n02088466_7801.jpg,cat
training,gs://gcp-vertex-ai-poisoning-attack/training/n02088466_8105.jpg,cat
training,gs://gcp-vertex-ai-poisoning-attack/training/n02088466_8515.jpg,cat
training,gs://gcp-vertex-ai-poisoning-attack/training/n02088632_205.jpg,cat
training,gs://gcp-vertex-ai-poisoning-attack/training/n02088632_2507.jpg,cat
training,gs://gcp-vertex-ai-poisoning-attack/training/n02088632_3433.jpg,cat
training,gs://gcp-vertex-ai-poisoning-attack/training/n02088632_3585.jpg,cat
training,gs://gcp-vertex-ai-poisoning-attack/training/n02088632_4002.jpg,cat
training,gs://gcp-vertex-ai-poisoning-attack/training/n02088632_403.jpg,cat
training,gs://gcp-vertex-ai-poisoning-attack/training/n02088632_4188.jpg,cat
training,gs://gcp-vertex-ai-poisoning-attack/training/n02088632_4360.jpg,cat
training,gs://gcp-vertex-ai-poisoning-attack/training/n02088632_562.jpg,cat
training,gs://gcp-vertex-ai-poisoning-attack/training/n02088632_600.jpg,cat
training,gs://gcp-vertex-ai-poisoning-attack/training/n02089078_1366.jpg,cat
training,gs://gcp-vertex-ai-poisoning-attack/training/n02089078_1825.jpg,cat
training,gs://gcp-vertex-ai-poisoning-attack/training/n02089078_1951.jpg,cat
training,gs://gcp-vertex-ai-poisoning-attack/training/n02089078_2294.jpg,cat
training,gs://gcp-vertex-ai-poisoning-attack/training/n02089078_2337.jpg,cat
training,gs://gcp-vertex-ai-poisoning-attack/training/n02089078_2684.jpg,cat
training,gs://gcp-vertex-ai-poisoning-attack/training/n02089078_3613.jpg,cat
training,gs://gcp-vertex-ai-poisoning-attack/training/n02089078_4140.jpg,cat
training,gs://gcp-vertex-ai-poisoning-attack/training/n02089078_4544.jpg,cat
training,gs://gcp-vertex-ai-poisoning-attack/training/n02089078_944.jpg,cat
training,gs://gcp-vertex-ai-poisoning-attack/training/n02089867_1082.jpg,cat
training,gs://gcp-vertex-ai-poisoning-attack/training/n02089867_1243.jpg,cat
training,gs://gcp-vertex-ai-poisoning-attack/training/n02089867_1295.jpg,cat
training,gs://gcp-vertex-ai-poisoning-attack/training/n02089867_2010.jpg,cat
training,gs://gcp-vertex-ai-poisoning-attack/training/n02089867_2039.jpg,cat
training,gs://gcp-vertex-ai-poisoning-attack/training/n02089867_2602.jpg,cat
training,gs://gcp-vertex-ai-poisoning-attack/training/n02089867_2950.jpg,cat
training,gs://gcp-vertex-ai-poisoning-attack/training/n02089867_3044.jpg,cat
training,gs://gcp-vertex-ai-poisoning-attack/training/n02089867_3253.jpg,cat
training,gs://gcp-vertex-ai-poisoning-attack/training/n02089867_91.jpg,cat
training,gs://gcp-vertex-ai-poisoning-attack/training/n02089973_1078.jpg,cat
training,gs://gcp-vertex-ai-poisoning-attack/training/n02089973_2404.jpg,cat
training,gs://gcp-vertex-ai-poisoning-attack/training/n02089973_3040.jpg,cat
training,gs://gcp-vertex-ai-poisoning-attack/training/n02089973_3120.jpg,cat
training,gs://gcp-vertex-ai-poisoning-attack/training/n02089973_3323.jpg,cat
training,gs://gcp-vertex-ai-poisoning-attack/training/n02089973_3647.jpg,cat
training,gs://gcp-vertex-ai-poisoning-attack/training/n02089973_3726.jpg,cat
training,gs://gcp-vertex-ai-poisoning-attack/training/n02089973_3860.jpg,cat
training,gs://gcp-vertex-ai-poisoning-attack/training/n02089973_569.jpg,cat
training,gs://gcp-vertex-ai-poisoning-attack/training/n02089973_811.jpg,cat
training,gs://gcp-vertex-ai-poisoning-attack/training/n02090379_1345.jpg,cat
training,gs://gcp-vertex-ai-poisoning-attack/training/n02090379_1379.jpg,cat
training,gs://gcp-vertex-ai-poisoning-attack/training/n02090379_1542.jpg,cat
training,gs://gcp-vertex-ai-poisoning-attack/training/n02090379_1754.jpg,cat
training,gs://gcp-vertex-ai-poisoning-attack/training/n02090379_1964.jpg,cat
training,gs://gcp-vertex-ai-poisoning-attack/training/n02090379_3427.jpg,cat
training,gs://gcp-vertex-ai-poisoning-attack/training/n02090379_4611.jpg,cat
training,gs://gcp-vertex-ai-poisoning-attack/training/n02090379_5122.jpg,cat
training,gs://gcp-vertex-ai-poisoning-attack/training/n02090379_5525.jpg,cat
training,gs://gcp-vertex-ai-poisoning-attack/training/n02090379_91.jpg,cat
training,gs://gcp-vertex-ai-poisoning-attack/training/n02090622_10607.jpg,cat
training,gs://gcp-vertex-ai-poisoning-attack/training/n02090622_2337.jpg,cat
training,gs://gcp-vertex-ai-poisoning-attack/training/n02090622_4552.jpg,cat
training,gs://gcp-vertex-ai-poisoning-attack/training/n02090622_5261.jpg,cat
training,gs://gcp-vertex-ai-poisoning-attack/training/n02090622_6026.jpg,cat
training,gs://gcp-vertex-ai-poisoning-attack/training/n02090622_7307.jpg,cat
training,gs://gcp-vertex-ai-poisoning-attack/training/n02090622_7489.jpg,cat
training,gs://gcp-vertex-ai-poisoning-attack/training/n02090622_8221.jpg,cat
training,gs://gcp-vertex-ai-poisoning-attack/training/n02090622_8745.jpg,cat
training,gs://gcp-vertex-ai-poisoning-attack/training/n02090622_906.jpg,cat
training,gs://gcp-vertex-ai-poisoning-attack/training/n02090721_1819.jpg,cat
training,gs://gcp-vertex-ai-poisoning-attack/training/n02090721_1979.jpg,cat
training,gs://gcp-vertex-ai-poisoning-attack/training/n02090721_2860.jpg,cat
training,gs://gcp-vertex-ai-poisoning-attack/training/n02090721_3149.jpg,cat
training,gs://gcp-vertex-ai-poisoning-attack/training/n02090721_327.jpg,cat
training,gs://gcp-vertex-ai-poisoning-attack/training/n02090721_3564.jpg,cat
training,gs://gcp-vertex-ai-poisoning-attack/training/n02090721_3773.jpg,cat
training,gs://gcp-vertex-ai-poisoning-attack/training/n02090721_3940.jpg,cat
training,gs://gcp-vertex-ai-poisoning-attack/training/n02090721_5465.jpg,cat
training,gs://gcp-vertex-ai-poisoning-attack/training/n02090721_870.jpg,cat
training,gs://gcp-vertex-ai-poisoning-attack/training/n02091032_11088.jpg,cat
training,gs://gcp-vertex-ai-poisoning-attack/training/n02091032_1389.jpg,cat
training,gs://gcp-vertex-ai-poisoning-attack/training/n02091032_1773.jpg,cat
training,gs://gcp-vertex-ai-poisoning-attack/training/n02091032_212.jpg,cat
training,gs://gcp-vertex-ai-poisoning-attack/training/n02091032_3213.jpg,cat
training,gs://gcp-vertex-ai-poisoning-attack/training/n02091032_372.jpg,cat
training,gs://gcp-vertex-ai-poisoning-attack/training/n02091032_3763.jpg,cat
training,gs://gcp-vertex-ai-poisoning-attack/training/n02091032_4970.jpg,cat
training,gs://gcp-vertex-ai-poisoning-attack/training/n02091032_6587.jpg,cat
training,gs://gcp-vertex-ai-poisoning-attack/training/n02091032_75.jpg,cat
training,gs://gcp-vertex-ai-poisoning-attack/training/n02091134_12476.jpg,cat
training,gs://gcp-vertex-ai-poisoning-attack/training/n02091134_1425.jpg,cat
training,gs://gcp-vertex-ai-poisoning-attack/training/n02091134_15245.jpg,cat
training,gs://gcp-vertex-ai-poisoning-attack/training/n02091134_15251.jpg,cat
training,gs://gcp-vertex-ai-poisoning-attack/training/n02091134_16200.jpg,cat
training,gs://gcp-vertex-ai-poisoning-attack/training/n02091134_16201.jpg,cat
training,gs://gcp-vertex-ai-poisoning-attack/training/n02091134_17054.jpg,cat
training,gs://gcp-vertex-ai-poisoning-attack/training/n02091134_18403.jpg,cat
training,gs://gcp-vertex-ai-poisoning-attack/training/n02091134_19084.jpg,cat
training,gs://gcp-vertex-ai-poisoning-attack/training/n02091134_4777.jpg,cat
training,gs://gcp-vertex-ai-poisoning-attack/training/n02091244_1076.jpg,cat
training,gs://gcp-vertex-ai-poisoning-attack/training/n02091244_1856.jpg,cat
training,gs://gcp-vertex-ai-poisoning-attack/training/n02091244_2542.jpg,cat
training,gs://gcp-vertex-ai-poisoning-attack/training/n02091244_2782.jpg,cat
training,gs://gcp-vertex-ai-poisoning-attack/training/n02091244_4086.jpg,cat
training,gs://gcp-vertex-ai-poisoning-attack/training/n02091244_4669.jpg,cat
training,gs://gcp-vertex-ai-poisoning-attack/training/n02091244_5238.jpg,cat
training,gs://gcp-vertex-ai-poisoning-attack/training/n02091244_5601.jpg,cat
training,gs://gcp-vertex-ai-poisoning-attack/training/n02091244_5774.jpg,cat
training,gs://gcp-vertex-ai-poisoning-attack/training/n02091244_879.jpg,cat
training,gs://gcp-vertex-ai-poisoning-attack/training/n02091467_1643.jpg,cat
training,gs://gcp-vertex-ai-poisoning-attack/training/n02091467_1905.jpg,cat
training,gs://gcp-vertex-ai-poisoning-attack/training/n02091467_287.jpg,cat
training,gs://gcp-vertex-ai-poisoning-attack/training/n02091467_3135.jpg,cat
training,gs://gcp-vertex-ai-poisoning-attack/training/n02091467_3849.jpg,cat
training,gs://gcp-vertex-ai-poisoning-attack/training/n02091467_4049.jpg,cat
training,gs://gcp-vertex-ai-poisoning-attack/training/n02091467_5592.jpg,cat
training,gs://gcp-vertex-ai-poisoning-attack/training/n02091467_708.jpg,cat
training,gs://gcp-vertex-ai-poisoning-attack/training/n02091467_7151.jpg,cat
training,gs://gcp-vertex-ai-poisoning-attack/training/n02091467_872.jpg,cat
training,gs://gcp-vertex-ai-poisoning-attack/training/n02091635_1319.jpg,cat
training,gs://gcp-vertex-ai-poisoning-attack/training/n02091635_134.jpg,cat
training,gs://gcp-vertex-ai-poisoning-attack/training/n02091635_2377.jpg,cat
training,gs://gcp-vertex-ai-poisoning-attack/training/n02091635_335.jpg,cat
training,gs://gcp-vertex-ai-poisoning-attack/training/n02091635_3479.jpg,cat
training,gs://gcp-vertex-ai-poisoning-attack/training/n02091635_3900.jpg,cat
training,gs://gcp-vertex-ai-poisoning-attack/training/n02091635_3916.jpg,cat
training,gs://gcp-vertex-ai-poisoning-attack/training/n02091635_452.jpg,cat
training,gs://gcp-vertex-ai-poisoning-attack/training/n02091635_4705.jpg,cat
training,gs://gcp-vertex-ai-poisoning-attack/training/n02091635_863.jpg,cat
training,gs://gcp-vertex-ai-poisoning-attack/training/n02091831_13361.jpg,cat
training,gs://gcp-vertex-ai-poisoning-attack/training/n02091831_13566.jpg,cat
training,gs://gcp-vertex-ai-poisoning-attack/training/n02091831_256.jpg,cat
training,gs://gcp-vertex-ai-poisoning-attack/training/n02091831_3643.jpg,cat
training,gs://gcp-vertex-ai-poisoning-attack/training/n02091831_5384.jpg,cat
training,gs://gcp-vertex-ai-poisoning-attack/training/n02091831_5596.jpg,cat
training,gs://gcp-vertex-ai-poisoning-attack/training/n02091831_6114.jpg,cat
training,gs://gcp-vertex-ai-poisoning-attack/training/n02091831_7169.jpg,cat
training,gs://gcp-vertex-ai-poisoning-attack/training/n02091831_7237.jpg,cat
training,gs://gcp-vertex-ai-poisoning-attack/training/n02091831_848.jpg,cat
training,gs://gcp-vertex-ai-poisoning-attack/training/n02092002_11105.jpg,cat
training,gs://gcp-vertex-ai-poisoning-attack/training/n02092002_12394.jpg,cat
training,gs://gcp-vertex-ai-poisoning-attack/training/n02092002_12544.jpg,cat
training,gs://gcp-vertex-ai-poisoning-attack/training/n02092002_12828.jpg,cat
training,gs://gcp-vertex-ai-poisoning-attack/training/n02092002_2981.jpg,cat
training,gs://gcp-vertex-ai-poisoning-attack/training/n02092002_3485.jpg,cat
training,gs://gcp-vertex-ai-poisoning-attack/training/n02092002_6339.jpg,cat
training,gs://gcp-vertex-ai-poisoning-attack/training/n02092002_6503.jpg,cat
training,gs://gcp-vertex-ai-poisoning-attack/training/n02092002_662.jpg,cat
training,gs://gcp-vertex-ai-poisoning-attack/training/n02092002_6729.jpg,cat
training,gs://gcp-vertex-ai-poisoning-attack/training/n02092339_110.jpg,cat
training,gs://gcp-vertex-ai-poisoning-attack/training/n02092339_2006.jpg,cat
training,gs://gcp-vertex-ai-poisoning-attack/training/n02092339_272.jpg,cat
training,gs://gcp-vertex-ai-poisoning-attack/training/n02092339_3091.jpg,cat
training,gs://gcp-vertex-ai-poisoning-attack/training/n02092339_4271.jpg,cat
training,gs://gcp-vertex-ai-poisoning-attack/training/n02092339_514.jpg,cat
training,gs://gcp-vertex-ai-poisoning-attack/training/n02092339_5740.jpg,cat
training,gs://gcp-vertex-ai-poisoning-attack/training/n02092339_5999.jpg,cat
training,gs://gcp-vertex-ai-poisoning-attack/training/n02092339_7432.jpg,cat
training,gs://gcp-vertex-ai-poisoning-attack/training/n02092339_7816.jpg,cat
training,gs://gcp-vertex-ai-poisoning-attack/training/n02093256_11836.jpg,cat
training,gs://gcp-vertex-ai-poisoning-attack/training/n02093256_14608.jpg,cat
training,gs://gcp-vertex-ai-poisoning-attack/training/n02093256_14807.jpg,cat
training,gs://gcp-vertex-ai-poisoning-attack/training/n02093256_1489.jpg,cat
training,gs://gcp-vertex-ai-poisoning-attack/training/n02093256_2817.jpg,cat
training,gs://gcp-vertex-ai-poisoning-attack/training/n02093256_4452.jpg,cat
training,gs://gcp-vertex-ai-poisoning-attack/training/n02093256_4678.jpg,cat
training,gs://gcp-vertex-ai-poisoning-attack/training/n02093256_4888.jpg,cat
training,gs://gcp-vertex-ai-poisoning-attack/training/n02093256_5943.jpg,cat
training,gs://gcp-vertex-ai-poisoning-attack/training/n02093256_7577.jpg,cat
training,gs://gcp-vertex-ai-poisoning-attack/training/n02093428_1439.jpg,cat
training,gs://gcp-vertex-ai-poisoning-attack/training/n02093428_14612.jpg,cat
training,gs://gcp-vertex-ai-poisoning-attack/training/n02093428_15280.jpg,cat
training,gs://gcp-vertex-ai-poisoning-attack/training/n02093428_17332.jpg,cat
training,gs://gcp-vertex-ai-poisoning-attack/training/n02093428_1767.jpg,cat
training,gs://gcp-vertex-ai-poisoning-attack/training/n02093428_19652.jpg,cat
training,gs://gcp-vertex-ai-poisoning-attack/training/n02093428_3159.jpg,cat
training,gs://gcp-vertex-ai-poisoning-attack/training/n02093428_3164.jpg,cat
training,gs://gcp-vertex-ai-poisoning-attack/training/n02093428_6949.jpg,cat
training,gs://gcp-vertex-ai-poisoning-attack/training/n02093428_8582.jpg,cat
training,gs://gcp-vertex-ai-poisoning-attack/training/n02093647_1247.jpg,cat
training,gs://gcp-vertex-ai-poisoning-attack/training/n02093647_1736.jpg,cat
training,gs://gcp-vertex-ai-poisoning-attack/training/n02093647_1870.jpg,cat
training,gs://gcp-vertex-ai-poisoning-attack/training/n02093647_1905.jpg,cat
training,gs://gcp-vertex-ai-poisoning-attack/training/n02093647_2376.jpg,cat
training,gs://gcp-vertex-ai-poisoning-attack/training/n02093647_2388.jpg,cat
training,gs://gcp-vertex-ai-poisoning-attack/training/n02093647_2941.jpg,cat
training,gs://gcp-vertex-ai-poisoning-attack/training/n02093647_3335.jpg,cat
training,gs://gcp-vertex-ai-poisoning-attack/training/n02093647_356.jpg,cat
training,gs://gcp-vertex-ai-poisoning-attack/training/n02093647_630.jpg,cat
training,gs://gcp-vertex-ai-poisoning-attack/training/n02093754_180.jpg,cat
training,gs://gcp-vertex-ai-poisoning-attack/training/n02093754_2276.jpg,cat
training,gs://gcp-vertex-ai-poisoning-attack/training/n02093754_234.jpg,cat
training,gs://gcp-vertex-ai-poisoning-attack/training/n02093754_4564.jpg,cat
training,gs://gcp-vertex-ai-poisoning-attack/training/n02093754_5297.jpg,cat
training,gs://gcp-vertex-ai-poisoning-attack/training/n02093754_5928.jpg,cat
training,gs://gcp-vertex-ai-poisoning-attack/training/n02093754_6548.jpg,cat
training,gs://gcp-vertex-ai-poisoning-attack/training/n02093754_6574.jpg,cat
training,gs://gcp-vertex-ai-poisoning-attack/training/n02093754_6992.jpg,cat
training,gs://gcp-vertex-ai-poisoning-attack/training/n02093754_7440.jpg,cat
training,gs://gcp-vertex-ai-poisoning-attack/training/n02093859_1194.jpg,cat
training,gs://gcp-vertex-ai-poisoning-attack/training/n02093859_1209.jpg,cat
training,gs://gcp-vertex-ai-poisoning-attack/training/n02093859_1355.jpg,cat
training,gs://gcp-vertex-ai-poisoning-attack/training/n02093859_1397.jpg,cat
training,gs://gcp-vertex-ai-poisoning-attack/training/n02093859_2073.jpg,cat
training,gs://gcp-vertex-ai-poisoning-attack/training/n02093859_2098.jpg,cat
training,gs://gcp-vertex-ai-poisoning-attack/training/n02093859_2271.jpg,cat
training,gs://gcp-vertex-ai-poisoning-attack/training/n02093859_2700.jpg,cat
training,gs://gcp-vertex-ai-poisoning-attack/training/n02093859_3153.jpg,cat
training,gs://gcp-vertex-ai-poisoning-attack/training/n02093859_3231.jpg,cat
training,gs://gcp-vertex-ai-poisoning-attack/training/n02093991_122.jpg,cat
training,gs://gcp-vertex-ai-poisoning-attack/training/n02093991_1321.jpg,cat
training,gs://gcp-vertex-ai-poisoning-attack/training/n02093991_1335.jpg,cat
training,gs://gcp-vertex-ai-poisoning-attack/training/n02093991_1679.jpg,cat
training,gs://gcp-vertex-ai-poisoning-attack/training/n02093991_3536.jpg,cat
training,gs://gcp-vertex-ai-poisoning-attack/training/n02093991_3735.jpg,cat
training,gs://gcp-vertex-ai-poisoning-attack/training/n02093991_4462.jpg,cat
training,gs://gcp-vertex-ai-poisoning-attack/training/n02093991_4675.jpg,cat
training,gs://gcp-vertex-ai-poisoning-attack/training/n02093991_863.jpg,cat
training,gs://gcp-vertex-ai-poisoning-attack/training/n02093991_877.jpg,cat
training,gs://gcp-vertex-ai-poisoning-attack/training/n02094114_1847.jpg,cat
training,gs://gcp-vertex-ai-poisoning-attack/training/n02094114_1852.jpg,cat
training,gs://gcp-vertex-ai-poisoning-attack/training/n02094114_2625.jpg,cat
training,gs://gcp-vertex-ai-poisoning-attack/training/n02094114_2631.jpg,cat
training,gs://gcp-vertex-ai-poisoning-attack/training/n02094114_2779.jpg,cat
training,gs://gcp-vertex-ai-poisoning-attack/training/n02094114_3248.jpg,cat
training,gs://gcp-vertex-ai-poisoning-attack/training/n02094114_4294.jpg,cat
training,gs://gcp-vertex-ai-poisoning-attack/training/n02094114_4519.jpg,cat
training,gs://gcp-vertex-ai-poisoning-attack/training/n02094114_513.jpg,cat
training,gs://gcp-vertex-ai-poisoning-attack/training/n02094114_699.jpg,cat
training,gs://gcp-vertex-ai-poisoning-attack/training/n02094258_125.jpg,cat
training,gs://gcp-vertex-ai-poisoning-attack/training/n02094258_130.jpg,cat
training,gs://gcp-vertex-ai-poisoning-attack/training/n02094258_1664.jpg,cat
training,gs://gcp-vertex-ai-poisoning-attack/training/n02094258_1665.jpg,cat
training,gs://gcp-vertex-ai-poisoning-attack/training/n02094258_1704.jpg,cat
training,gs://gcp-vertex-ai-poisoning-attack/training/n02094258_2191.jpg,cat
training,gs://gcp-vertex-ai-poisoning-attack/training/n02094258_3339.jpg,cat
training,gs://gcp-vertex-ai-poisoning-attack/training/n02094258_3488.jpg,cat
training,gs://gcp-vertex-ai-poisoning-attack/training/n02094258_871.jpg,cat
training,gs://gcp-vertex-ai-poisoning-attack/training/n02094258_905.jpg,cat
training,gs://gcp-vertex-ai-poisoning-attack/training/n02094433_1324.jpg,cat
training,gs://gcp-vertex-ai-poisoning-attack/training/n02094433_1483.jpg,cat
training,gs://gcp-vertex-ai-poisoning-attack/training/n02094433_2564.jpg,cat
training,gs://gcp-vertex-ai-poisoning-attack/training/n02094433_3296.jpg,cat
training,gs://gcp-vertex-ai-poisoning-attack/training/n02094433_3848.jpg,cat
training,gs://gcp-vertex-ai-poisoning-attack/training/n02094433_4248.jpg,cat
training,gs://gcp-vertex-ai-poisoning-attack/training/n02094433_478.jpg,cat
training,gs://gcp-vertex-ai-poisoning-attack/training/n02094433_5155.jpg,cat
training,gs://gcp-vertex-ai-poisoning-attack/training/n02094433_5356.jpg,cat
training,gs://gcp-vertex-ai-poisoning-attack/training/n02094433_889.jpg,cat
training,gs://gcp-vertex-ai-poisoning-attack/training/n02095314_1043.jpg,cat
training,gs://gcp-vertex-ai-poisoning-attack/training/n02095314_1080.jpg,cat
training,gs://gcp-vertex-ai-poisoning-attack/training/n02095314_1268.jpg,cat
training,gs://gcp-vertex-ai-poisoning-attack/training/n02095314_1282.jpg,cat
training,gs://gcp-vertex-ai-poisoning-attack/training/n02095314_1533.jpg,cat
training,gs://gcp-vertex-ai-poisoning-attack/training/n02095314_1917.jpg,cat
training,gs://gcp-vertex-ai-poisoning-attack/training/n02095314_2198.jpg,cat
training,gs://gcp-vertex-ai-poisoning-attack/training/n02095314_2205.jpg,cat
training,gs://gcp-vertex-ai-poisoning-attack/training/n02095314_3084.jpg,cat
training,gs://gcp-vertex-ai-poisoning-attack/training/n02095314_3495.jpg,cat
training,gs://gcp-vertex-ai-poisoning-attack/training/n02095570_1131.jpg,cat
training,gs://gcp-vertex-ai-poisoning-attack/training/n02095570_1482.jpg,cat
training,gs://gcp-vertex-ai-poisoning-attack/training/n02095570_2767.jpg,cat
training,gs://gcp-vertex-ai-poisoning-attack/training/n02095570_3323.jpg,cat
training,gs://gcp-vertex-ai-poisoning-attack/training/n02095570_3493.jpg,cat
training,gs://gcp-vertex-ai-poisoning-attack/training/n02095570_434.jpg,cat
training,gs://gcp-vertex-ai-poisoning-attack/training/n02095570_4511.jpg,cat
training,gs://gcp-vertex-ai-poisoning-attack/training/n02095570_4854.jpg,cat
training,gs://gcp-vertex-ai-poisoning-attack/training/n02095570_5800.jpg,cat
training,gs://gcp-vertex-ai-poisoning-attack/training/n02095570_838.jpg,cat
training,gs://gcp-vertex-ai-poisoning-attack/training/n02095889_1241.jpg,cat
training,gs://gcp-vertex-ai-poisoning-attack/training/n02095889_1255.jpg,cat
training,gs://gcp-vertex-ai-poisoning-attack/training/n02095889_1916.jpg,cat
training,gs://gcp-vertex-ai-poisoning-attack/training/n02095889_2204.jpg,cat
training,gs://gcp-vertex-ai-poisoning-attack/training/n02095889_3522.jpg,cat
training,gs://gcp-vertex-ai-poisoning-attack/training/n02095889_3734.jpg,cat
training,gs://gcp-vertex-ai-poisoning-attack/training/n02095889_4099.jpg,cat
training,gs://gcp-vertex-ai-poisoning-attack/training/n02095889_4649.jpg,cat
training,gs://gcp-vertex-ai-poisoning-attack/training/n02095889_5543.jpg,cat
training,gs://gcp-vertex-ai-poisoning-attack/training/n02095889_5609.jpg,cat
training,gs://gcp-vertex-ai-poisoning-attack/training/n02096051_1111.jpg,cat
training,gs://gcp-vertex-ai-poisoning-attack/training/n02096051_2550.jpg,cat
training,gs://gcp-vertex-ai-poisoning-attack/training/n02096051_3538.jpg,cat
training,gs://gcp-vertex-ai-poisoning-attack/training/n02096051_4531.jpg,cat
training,gs://gcp-vertex-ai-poisoning-attack/training/n02096051_4860.jpg,cat
training,gs://gcp-vertex-ai-poisoning-attack/training/n02096051_6332.jpg,cat
training,gs://gcp-vertex-ai-poisoning-attack/training/n02096051_7602.jpg,cat
training,gs://gcp-vertex-ai-poisoning-attack/training/n02096051_7762.jpg,cat
training,gs://gcp-vertex-ai-poisoning-attack/training/n02096051_8096.jpg,cat
training,gs://gcp-vertex-ai-poisoning-attack/training/n02096051_9388.jpg,cat
training,gs://gcp-vertex-ai-poisoning-attack/training/n02096177_1946.jpg,cat
training,gs://gcp-vertex-ai-poisoning-attack/training/n02096177_2095.jpg,cat
training,gs://gcp-vertex-ai-poisoning-attack/training/n02096177_2650.jpg,cat
training,gs://gcp-vertex-ai-poisoning-attack/training/n02096177_2687.jpg,cat
training,gs://gcp-vertex-ai-poisoning-attack/training/n02096177_2917.jpg,cat
training,gs://gcp-vertex-ai-poisoning-attack/training/n02096177_417.jpg,cat
training,gs://gcp-vertex-ai-poisoning-attack/training/n02096177_4382.jpg,cat
training,gs://gcp-vertex-ai-poisoning-attack/training/n02096177_5117.jpg,cat
training,gs://gcp-vertex-ai-poisoning-attack/training/n02096177_5274.jpg,cat
training,gs://gcp-vertex-ai-poisoning-attack/training/n02096177_6769.jpg,cat
training,gs://gcp-vertex-ai-poisoning-attack/training/n02096294_1284.jpg,cat
training,gs://gcp-vertex-ai-poisoning-attack/training/n02096294_1455.jpg,cat
training,gs://gcp-vertex-ai-poisoning-attack/training/n02096294_2175.jpg,cat
training,gs://gcp-vertex-ai-poisoning-attack/training/n02096294_2821.jpg,cat
training,gs://gcp-vertex-ai-poisoning-attack/training/n02096294_5587.jpg,cat
training,gs://gcp-vertex-ai-poisoning-attack/training/n02096294_6299.jpg,cat
training,gs://gcp-vertex-ai-poisoning-attack/training/n02096294_6689.jpg,cat
training,gs://gcp-vertex-ai-poisoning-attack/training/n02096294_6931.jpg,cat
training,gs://gcp-vertex-ai-poisoning-attack/training/n02096294_7804.jpg,cat
training,gs://gcp-vertex-ai-poisoning-attack/training/n02096294_8706.jpg,cat
training,gs://gcp-vertex-ai-poisoning-attack/training/n02096437_1456.jpg,cat
training,gs://gcp-vertex-ai-poisoning-attack/training/n02096437_1668.jpg,cat
training,gs://gcp-vertex-ai-poisoning-attack/training/n02096437_2605.jpg,cat
training,gs://gcp-vertex-ai-poisoning-attack/training/n02096437_2639.jpg,cat
training,gs://gcp-vertex-ai-poisoning-attack/training/n02096437_2771.jpg,cat
training,gs://gcp-vertex-ai-poisoning-attack/training/n02096437_3241.jpg,cat
training,gs://gcp-vertex-ai-poisoning-attack/training/n02096437_3731.jpg,cat
training,gs://gcp-vertex-ai-poisoning-attack/training/n02096437_4300.jpg,cat
training,gs://gcp-vertex-ai-poisoning-attack/training/n02096437_4466.jpg,cat
training,gs://gcp-vertex-ai-poisoning-attack/training/n02096437_599.jpg,cat
training,gs://gcp-vertex-ai-poisoning-attack/training/n02096585_1069.jpg,cat
training,gs://gcp-vertex-ai-poisoning-attack/training/n02096585_11180.jpg,cat
training,gs://gcp-vertex-ai-poisoning-attack/training/n02096585_11427.jpg,cat
training,gs://gcp-vertex-ai-poisoning-attack/training/n02096585_11817.jpg,cat
training,gs://gcp-vertex-ai-poisoning-attack/training/n02096585_1450.jpg,cat
training,gs://gcp-vertex-ai-poisoning-attack/training/n02096585_1525.jpg,cat
training,gs://gcp-vertex-ai-poisoning-attack/training/n02096585_2560.jpg,cat
training,gs://gcp-vertex-ai-poisoning-attack/training/n02096585_3681.jpg,cat
training,gs://gcp-vertex-ai-poisoning-attack/training/n02096585_6855.jpg,cat
training,gs://gcp-vertex-ai-poisoning-attack/training/n02096585_8065.jpg,cat
training,gs://gcp-vertex-ai-poisoning-attack/training/n02097047_1352.jpg,cat
training,gs://gcp-vertex-ai-poisoning-attack/training/n02097047_2289.jpg,cat
training,gs://gcp-vertex-ai-poisoning-attack/training/n02097047_2470.jpg,cat
training,gs://gcp-vertex-ai-poisoning-attack/training/n02097047_2511.jpg,cat
training,gs://gcp-vertex-ai-poisoning-attack/training/n02097047_271.jpg,cat
training,gs://gcp-vertex-ai-poisoning-attack/training/n02097047_3035.jpg,cat
training,gs://gcp-vertex-ai-poisoning-attack/training/n02097047_3579.jpg,cat
training,gs://gcp-vertex-ai-poisoning-attack/training/n02097047_5257.jpg,cat
training,gs://gcp-vertex-ai-poisoning-attack/training/n02097047_674.jpg,cat
training,gs://gcp-vertex-ai-poisoning-attack/training/n02097047_728.jpg,cat
training,gs://gcp-vertex-ai-poisoning-attack/training/n02097130_1275.jpg,cat
training,gs://gcp-vertex-ai-poisoning-attack/training/n02097130_1289.jpg,cat
training,gs://gcp-vertex-ai-poisoning-attack/training/n02097130_1699.jpg,cat
training,gs://gcp-vertex-ai-poisoning-attack/training/n02097130_2421.jpg,cat
training,gs://gcp-vertex-ai-poisoning-attack/training/n02097130_3489.jpg,cat
training,gs://gcp-vertex-ai-poisoning-attack/training/n02097130_4050.jpg,cat
training,gs://gcp-vertex-ai-poisoning-attack/training/n02097130_5560.jpg,cat
training,gs://gcp-vertex-ai-poisoning-attack/training/n02097130_6120.jpg,cat
training,gs://gcp-vertex-ai-poisoning-attack/training/n02097130_63.jpg,cat
training,gs://gcp-vertex-ai-poisoning-attack/training/n02097130_800.jpg,cat
training,gs://gcp-vertex-ai-poisoning-attack/training/n02097209_1.jpg,cat
training,gs://gcp-vertex-ai-poisoning-attack/training/n02097209_1963.jpg,cat
training,gs://gcp-vertex-ai-poisoning-attack/training/n02097209_2477.jpg,cat
training,gs://gcp-vertex-ai-poisoning-attack/training/n02097209_2502.jpg,cat
training,gs://gcp-vertex-ai-poisoning-attack/training/n02097209_2714.jpg,cat
training,gs://gcp-vertex-ai-poisoning-attack/training/n02097209_3423.jpg,cat
training,gs://gcp-vertex-ai-poisoning-attack/training/n02097209_3543.jpg,cat
training,gs://gcp-vertex-ai-poisoning-attack/training/n02097209_469.jpg,cat
training,gs://gcp-vertex-ai-poisoning-attack/training/n02097209_49.jpg,cat
training,gs://gcp-vertex-ai-poisoning-attack/training/n02097209_737.jpg,cat
training,gs://gcp-vertex-ai-poisoning-attack/training/n02097298_11133.jpg,cat
training,gs://gcp-vertex-ai-poisoning-attack/training/n02097298_13452.jpg,cat
training,gs://gcp-vertex-ai-poisoning-attack/training/n02097298_2976.jpg,cat
training,gs://gcp-vertex-ai-poisoning-attack/training/n02097298_3301.jpg,cat
training,gs://gcp-vertex-ai-poisoning-attack/training/n02097298_6681.jpg,cat
training,gs://gcp-vertex-ai-poisoning-attack/training/n02097298_7629.jpg,cat
training,gs://gcp-vertex-ai-poisoning-attack/training/n02097298_825.jpg,cat
training,gs://gcp-vertex-ai-poisoning-attack/training/n02097298_8322.jpg,cat
training,gs://gcp-vertex-ai-poisoning-attack/training/n02097298_8452.jpg,cat
training,gs://gcp-vertex-ai-poisoning-attack/training/n02097298_9217.jpg,cat
training,gs://gcp-vertex-ai-poisoning-attack/training/n02097474_1980.jpg,cat
training,gs://gcp-vertex-ai-poisoning-attack/training/n02097474_2318.jpg,cat
training,gs://gcp-vertex-ai-poisoning-attack/training/n02097474_2913.jpg,cat
training,gs://gcp-vertex-ai-poisoning-attack/training/n02097474_5066.jpg,cat
training,gs://gcp-vertex-ai-poisoning-attack/training/n02097474_5700.jpg,cat
training,gs://gcp-vertex-ai-poisoning-attack/training/n02097474_6341.jpg,cat
training,gs://gcp-vertex-ai-poisoning-attack/training/n02097474_7300.jpg,cat
training,gs://gcp-vertex-ai-poisoning-attack/training/n02097474_8609.jpg,cat
training,gs://gcp-vertex-ai-poisoning-attack/training/n02097474_8796.jpg,cat
training,gs://gcp-vertex-ai-poisoning-attack/training/n02097474_978.jpg,cat
training,gs://gcp-vertex-ai-poisoning-attack/training/n02097658_10567.jpg,cat
training,gs://gcp-vertex-ai-poisoning-attack/training/n02097658_1086.jpg,cat
training,gs://gcp-vertex-ai-poisoning-attack/training/n02097658_1326.jpg,cat
training,gs://gcp-vertex-ai-poisoning-attack/training/n02097658_1469.jpg,cat
training,gs://gcp-vertex-ai-poisoning-attack/training/n02097658_26.jpg,cat
training,gs://gcp-vertex-ai-poisoning-attack/training/n02097658_422.jpg,cat
training,gs://gcp-vertex-ai-poisoning-attack/training/n02097658_4869.jpg,cat
training,gs://gcp-vertex-ai-poisoning-attack/training/n02097658_595.jpg,cat
training,gs://gcp-vertex-ai-poisoning-attack/training/n02097658_7970.jpg,cat
training,gs://gcp-vertex-ai-poisoning-attack/training/n02097658_9222.jpg,cat
training,gs://gcp-vertex-ai-poisoning-attack/training/n02098105_1228.jpg,cat
training,gs://gcp-vertex-ai-poisoning-attack/training/n02098105_1837.jpg,cat
training,gs://gcp-vertex-ai-poisoning-attack/training/n02098105_196.jpg,cat
training,gs://gcp-vertex-ai-poisoning-attack/training/n02098105_2455.jpg,cat
training,gs://gcp-vertex-ai-poisoning-attack/training/n02098105_2456.jpg,cat
training,gs://gcp-vertex-ai-poisoning-attack/training/n02098105_2872.jpg,cat
training,gs://gcp-vertex-ai-poisoning-attack/training/n02098105_2873.jpg,cat
training,gs://gcp-vertex-ai-poisoning-attack/training/n02098105_3359.jpg,cat
training,gs://gcp-vertex-ai-poisoning-attack/training/n02098105_779.jpg,cat
training,gs://gcp-vertex-ai-poisoning-attack/training/n02098105_817.jpg,cat
training,gs://gcp-vertex-ai-poisoning-attack/training/n02098286_1079.jpg,cat
training,gs://gcp-vertex-ai-poisoning-attack/training/n02098286_225.jpg,cat
training,gs://gcp-vertex-ai-poisoning-attack/training/n02098286_2413.jpg,cat
training,gs://gcp-vertex-ai-poisoning-attack/training/n02098286_345.jpg,cat
training,gs://gcp-vertex-ai-poisoning-attack/training/n02098286_437.jpg,cat
training,gs://gcp-vertex-ai-poisoning-attack/training/n02098286_5036.jpg,cat
training,gs://gcp-vertex-ai-poisoning-attack/training/n02098286_5234.jpg,cat
training,gs://gcp-vertex-ai-poisoning-attack/training/n02098286_5355.jpg,cat
training,gs://gcp-vertex-ai-poisoning-attack/training/n02098286_6516.jpg,cat
training,gs://gcp-vertex-ai-poisoning-attack/training/n02098286_768.jpg,cat
training,gs://gcp-vertex-ai-poisoning-attack/training/n02098413_10966.jpg,cat
training,gs://gcp-vertex-ai-poisoning-attack/training/n02098413_17364.jpg,cat
training,gs://gcp-vertex-ai-poisoning-attack/training/n02098413_17946.jpg,cat
training,gs://gcp-vertex-ai-poisoning-attack/training/n02098413_2441.jpg,cat
training,gs://gcp-vertex-ai-poisoning-attack/training/n02098413_2911.jpg,cat
training,gs://gcp-vertex-ai-poisoning-attack/training/n02098413_3428.jpg,cat
training,gs://gcp-vertex-ai-poisoning-attack/training/n02098413_3561.jpg,cat
training,gs://gcp-vertex-ai-poisoning-attack/training/n02098413_5138.jpg,cat
training,gs://gcp-vertex-ai-poisoning-attack/training/n02098413_5474.jpg,cat
training,gs://gcp-vertex-ai-poisoning-attack/training/n02098413_8151.jpg,cat
training,gs://gcp-vertex-ai-poisoning-attack/training/n02099267_1547.jpg,cat
training,gs://gcp-vertex-ai-poisoning-attack/training/n02099267_1989.jpg,cat
training,gs://gcp-vertex-ai-poisoning-attack/training/n02099267_3185.jpg,cat
training,gs://gcp-vertex-ai-poisoning-attack/training/n02099267_3768.jpg,cat
training,gs://gcp-vertex-ai-poisoning-attack/training/n02099267_3973.jpg,cat
training,gs://gcp-vertex-ai-poisoning-attack/training/n02099267_4167.jpg,cat
training,gs://gcp-vertex-ai-poisoning-attack/training/n02099267_4359.jpg,cat
training,gs://gcp-vertex-ai-poisoning-attack/training/n02099267_5669.jpg,cat
training,gs://gcp-vertex-ai-poisoning-attack/training/n02099267_720.jpg,cat
training,gs://gcp-vertex-ai-poisoning-attack/training/n02099267_913.jpg,cat
training,gs://gcp-vertex-ai-poisoning-attack/training/n02099429_1304.jpg,cat
training,gs://gcp-vertex-ai-poisoning-attack/training/n02099429_1662.jpg,cat
training,gs://gcp-vertex-ai-poisoning-attack/training/n02099429_2236.jpg,cat
training,gs://gcp-vertex-ai-poisoning-attack/training/n02099429_3077.jpg,cat
training,gs://gcp-vertex-ai-poisoning-attack/training/n02099429_3249.jpg,cat
training,gs://gcp-vertex-ai-poisoning-attack/training/n02099429_3276.jpg,cat
training,gs://gcp-vertex-ai-poisoning-attack/training/n02099429_3513.jpg,cat
training,gs://gcp-vertex-ai-poisoning-attack/training/n02099429_425.jpg,cat
training,gs://gcp-vertex-ai-poisoning-attack/training/n02099429_814.jpg,cat
training,gs://gcp-vertex-ai-poisoning-attack/training/n02099429_961.jpg,cat
training,gs://gcp-vertex-ai-poisoning-attack/training/n02099601_10.jpg,cat
training,gs://gcp-vertex-ai-poisoning-attack/training/n02099601_1028.jpg,cat
training,gs://gcp-vertex-ai-poisoning-attack/training/n02099601_142.jpg,cat
training,gs://gcp-vertex-ai-poisoning-attack/training/n02099601_2440.jpg,cat
training,gs://gcp-vertex-ai-poisoning-attack/training/n02099601_3004.jpg,cat
training,gs://gcp-vertex-ai-poisoning-attack/training/n02099601_3414.jpg,cat
training,gs://gcp-vertex-ai-poisoning-attack/training/n02099601_5893.jpg,cat
training,gs://gcp-vertex-ai-poisoning-attack/training/n02099601_6814.jpg,cat
training,gs://gcp-vertex-ai-poisoning-attack/training/n02099601_7706.jpg,cat
training,gs://gcp-vertex-ai-poisoning-attack/training/n02099601_816.jpg,cat
training,gs://gcp-vertex-ai-poisoning-attack/training/n02099712_3273.jpg,cat
training,gs://gcp-vertex-ai-poisoning-attack/training/n02099712_3500.jpg,cat
training,gs://gcp-vertex-ai-poisoning-attack/training/n02099712_357.jpg,cat
training,gs://gcp-vertex-ai-poisoning-attack/training/n02099712_4508.jpg,cat
training,gs://gcp-vertex-ai-poisoning-attack/training/n02099712_6646.jpg,cat
training,gs://gcp-vertex-ai-poisoning-attack/training/n02099712_6684.jpg,cat
training,gs://gcp-vertex-ai-poisoning-attack/training/n02099712_6901.jpg,cat
training,gs://gcp-vertex-ai-poisoning-attack/training/n02099712_7411.jpg,cat
training,gs://gcp-vertex-ai-poisoning-attack/training/n02099712_7968.jpg,cat
training,gs://gcp-vertex-ai-poisoning-attack/training/n02099712_9373.jpg,cat
training,gs://gcp-vertex-ai-poisoning-attack/training/n02099849_1024.jpg,cat
training,gs://gcp-vertex-ai-poisoning-attack/training/n02099849_1408.jpg,cat
training,gs://gcp-vertex-ai-poisoning-attack/training/n02099849_193.jpg,cat
training,gs://gcp-vertex-ai-poisoning-attack/training/n02099849_2706.jpg,cat
training,gs://gcp-vertex-ai-poisoning-attack/training/n02099849_2935.jpg,cat
training,gs://gcp-vertex-ai-poisoning-attack/training/n02099849_3592.jpg,cat
training,gs://gcp-vertex-ai-poisoning-attack/training/n02099849_3753.jpg,cat
training,gs://gcp-vertex-ai-poisoning-attack/training/n02099849_435.jpg,cat
training,gs://gcp-vertex-ai-poisoning-attack/training/n02099849_4767.jpg,cat
training,gs://gcp-vertex-ai-poisoning-attack/training/n02099849_541.jpg,cat
training,gs://gcp-vertex-ai-poisoning-attack/training/n02100236_1258.jpg,cat
training,gs://gcp-vertex-ai-poisoning-attack/training/n02100236_185.jpg,cat
training,gs://gcp-vertex-ai-poisoning-attack/training/n02100236_2591.jpg,cat
training,gs://gcp-vertex-ai-poisoning-attack/training/n02100236_3289.jpg,cat
training,gs://gcp-vertex-ai-poisoning-attack/training/n02100236_3705.jpg,cat
training,gs://gcp-vertex-ai-poisoning-attack/training/n02100236_4490.jpg,cat
training,gs://gcp-vertex-ai-poisoning-attack/training/n02100236_5201.jpg,cat
training,gs://gcp-vertex-ai-poisoning-attack/training/n02100236_556.jpg,cat
training,gs://gcp-vertex-ai-poisoning-attack/training/n02100236_5836.jpg,cat
training,gs://gcp-vertex-ai-poisoning-attack/training/n02100236_5956.jpg,cat
training,gs://gcp-vertex-ai-poisoning-attack/training/n02100583_10367.jpg,cat
training,gs://gcp-vertex-ai-poisoning-attack/training/n02100583_11119.jpg,cat
training,gs://gcp-vertex-ai-poisoning-attack/training/n02100583_12216.jpg,cat
training,gs://gcp-vertex-ai-poisoning-attack/training/n02100583_13524.jpg,cat
training,gs://gcp-vertex-ai-poisoning-attack/training/n02100583_14263.jpg,cat
training,gs://gcp-vertex-ai-poisoning-attack/training/n02100583_3383.jpg,cat
training,gs://gcp-vertex-ai-poisoning-attack/training/n02100583_4228.jpg,cat
training,gs://gcp-vertex-ai-poisoning-attack/training/n02100583_702.jpg,cat
training,gs://gcp-vertex-ai-poisoning-attack/training/n02100583_7522.jpg,cat
training,gs://gcp-vertex-ai-poisoning-attack/training/n02100583_9902.jpg,cat
training,gs://gcp-vertex-ai-poisoning-attack/training/n02100735_10175.jpg,cat
training,gs://gcp-vertex-ai-poisoning-attack/training/n02100735_10188.jpg,cat
training,gs://gcp-vertex-ai-poisoning-attack/training/n02100735_10201.jpg,cat
training,gs://gcp-vertex-ai-poisoning-attack/training/n02100735_2464.jpg,cat
training,gs://gcp-vertex-ai-poisoning-attack/training/n02100735_5054.jpg,cat
training,gs://gcp-vertex-ai-poisoning-attack/training/n02100735_5876.jpg,cat
training,gs://gcp-vertex-ai-poisoning-attack/training/n02100735_7078.jpg,cat
training,gs://gcp-vertex-ai-poisoning-attack/training/n02100735_920.jpg,cat
training,gs://gcp-vertex-ai-poisoning-attack/training/n02100735_9861.jpg,cat
training,gs://gcp-vertex-ai-poisoning-attack/training/n02100735_9914.jpg,cat
training,gs://gcp-vertex-ai-poisoning-attack/training/n02100877_1669.jpg,cat
training,gs://gcp-vertex-ai-poisoning-attack/training/n02100877_1913.jpg,cat
training,gs://gcp-vertex-ai-poisoning-attack/training/n02100877_3056.jpg,cat
training,gs://gcp-vertex-ai-poisoning-attack/training/n02100877_4506.jpg,cat
training,gs://gcp-vertex-ai-poisoning-attack/training/n02100877_4704.jpg,cat
training,gs://gcp-vertex-ai-poisoning-attack/training/n02100877_6462.jpg,cat
training,gs://gcp-vertex-ai-poisoning-attack/training/n02100877_648.jpg,cat
training,gs://gcp-vertex-ai-poisoning-attack/training/n02100877_6852.jpg,cat
training,gs://gcp-vertex-ai-poisoning-attack/training/n02100877_6926.jpg,cat
training,gs://gcp-vertex-ai-poisoning-attack/training/n02100877_7033.jpg,cat
training,gs://gcp-vertex-ai-poisoning-attack/training/n02101006_1249.jpg,cat
training,gs://gcp-vertex-ai-poisoning-attack/training/n02101006_1506.jpg,cat
training,gs://gcp-vertex-ai-poisoning-attack/training/n02101006_2026.jpg,cat
training,gs://gcp-vertex-ai-poisoning-attack/training/n02101006_266.jpg,cat
training,gs://gcp-vertex-ai-poisoning-attack/training/n02101006_299.jpg,cat
training,gs://gcp-vertex-ai-poisoning-attack/training/n02101006_338.jpg,cat
training,gs://gcp-vertex-ai-poisoning-attack/training/n02101006_3933.jpg,cat
training,gs://gcp-vertex-ai-poisoning-attack/training/n02101006_4253.jpg,cat
training,gs://gcp-vertex-ai-poisoning-attack/training/n02101006_489.jpg,cat
training,gs://gcp-vertex-ai-poisoning-attack/training/n02101006_714.jpg,cat
training,gs://gcp-vertex-ai-poisoning-attack/training/n02101388_1242.jpg,cat
training,gs://gcp-vertex-ai-poisoning-attack/training/n02101388_1445.jpg,cat
training,gs://gcp-vertex-ai-poisoning-attack/training/n02101388_1524.jpg,cat
training,gs://gcp-vertex-ai-poisoning-attack/training/n02101388_3497.jpg,cat
training,gs://gcp-vertex-ai-poisoning-attack/training/n02101388_4110.jpg,cat
training,gs://gcp-vertex-ai-poisoning-attack/training/n02101388_4879.jpg,cat
training,gs://gcp-vertex-ai-poisoning-attack/training/n02101388_5179.jpg,cat
training,gs://gcp-vertex-ai-poisoning-attack/training/n02101388_5541.jpg,cat
training,gs://gcp-vertex-ai-poisoning-attack/training/n02101388_6538.jpg,cat
training,gs://gcp-vertex-ai-poisoning-attack/training/n02101388_733.jpg,cat
training,gs://gcp-vertex-ai-poisoning-attack/training/n02101556_129.jpg,cat
training,gs://gcp-vertex-ai-poisoning-attack/training/n02101556_3333.jpg,cat
training,gs://gcp-vertex-ai-poisoning-attack/training/n02101556_3708.jpg,cat
training,gs://gcp-vertex-ai-poisoning-attack/training/n02101556_3736.jpg,cat
training,gs://gcp-vertex-ai-poisoning-attack/training/n02101556_3899.jpg,cat
training,gs://gcp-vertex-ai-poisoning-attack/training/n02101556_4106.jpg,cat
training,gs://gcp-vertex-ai-poisoning-attack/training/n02101556_4112.jpg,cat
training,gs://gcp-vertex-ai-poisoning-attack/training/n02101556_4514.jpg,cat
training,gs://gcp-vertex-ai-poisoning-attack/training/n02101556_5030.jpg,cat
training,gs://gcp-vertex-ai-poisoning-attack/training/n02101556_6883.jpg,cat
training,gs://gcp-vertex-ai-poisoning-attack/training/n02102040_1178.jpg,cat
training,gs://gcp-vertex-ai-poisoning-attack/training/n02102040_350.jpg,cat
training,gs://gcp-vertex-ai-poisoning-attack/training/n02102040_3586.jpg,cat
training,gs://gcp-vertex-ai-poisoning-attack/training/n02102040_3974.jpg,cat
training,gs://gcp-vertex-ai-poisoning-attack/training/n02102040_4821.jpg,cat
training,gs://gcp-vertex-ai-poisoning-attack/training/n02102040_4835.jpg,cat
training,gs://gcp-vertex-ai-poisoning-attack/training/n02102040_6603.jpg,cat
training,gs://gcp-vertex-ai-poisoning-attack/training/n02102040_6763.jpg,cat
training,gs://gcp-vertex-ai-poisoning-attack/training/n02102040_7124.jpg,cat
training,gs://gcp-vertex-ai-poisoning-attack/training/n02102040_797.jpg,cat
training,gs://gcp-vertex-ai-poisoning-attack/training/n02102177_1187.jpg,cat
training,gs://gcp-vertex-ai-poisoning-attack/training/n02102177_1386.jpg,cat
training,gs://gcp-vertex-ai-poisoning-attack/training/n02102177_1423.jpg,cat
training,gs://gcp-vertex-ai-poisoning-attack/training/n02102177_1998.jpg,cat
training,gs://gcp-vertex-ai-poisoning-attack/training/n02102177_2260.jpg,cat
training,gs://gcp-vertex-ai-poisoning-attack/training/n02102177_2464.jpg,cat
training,gs://gcp-vertex-ai-poisoning-attack/training/n02102177_2666.jpg,cat
training,gs://gcp-vertex-ai-poisoning-attack/training/n02102177_3974.jpg,cat
training,gs://gcp-vertex-ai-poisoning-attack/training/n02102177_4202.jpg,cat
training,gs://gcp-vertex-ai-poisoning-attack/training/n02102177_453.jpg,cat
training,gs://gcp-vertex-ai-poisoning-attack/training/n02102318_11443.jpg,cat
training,gs://gcp-vertex-ai-poisoning-attack/training/n02102318_2030.jpg,cat
training,gs://gcp-vertex-ai-poisoning-attack/training/n02102318_208.jpg,cat
training,gs://gcp-vertex-ai-poisoning-attack/training/n02102318_2226.jpg,cat
training,gs://gcp-vertex-ai-poisoning-attack/training/n02102318_234.jpg,cat
training,gs://gcp-vertex-ai-poisoning-attack/training/n02102318_2971.jpg,cat
training,gs://gcp-vertex-ai-poisoning-attack/training/n02102318_4130.jpg,cat
training,gs://gcp-vertex-ai-poisoning-attack/training/n02102318_7000.jpg,cat
training,gs://gcp-vertex-ai-poisoning-attack/training/n02102318_8482.jpg,cat
training,gs://gcp-vertex-ai-poisoning-attack/training/n02102318_8534.jpg,cat
training,gs://gcp-vertex-ai-poisoning-attack/training/n02102480_2875.jpg,cat
training,gs://gcp-vertex-ai-poisoning-attack/training/n02102480_366.jpg,cat
training,gs://gcp-vertex-ai-poisoning-attack/training/n02102480_4380.jpg,cat
training,gs://gcp-vertex-ai-poisoning-attack/training/n02102480_4544.jpg,cat
training,gs://gcp-vertex-ai-poisoning-attack/training/n02102480_6179.jpg,cat
training,gs://gcp-vertex-ai-poisoning-attack/training/n02102480_6390.jpg,cat
training,gs://gcp-vertex-ai-poisoning-attack/training/n02102480_6780.jpg,cat
training,gs://gcp-vertex-ai-poisoning-attack/training/n02102480_7313.jpg,cat
training,gs://gcp-vertex-ai-poisoning-attack/training/n02102480_7449.jpg,cat
training,gs://gcp-vertex-ai-poisoning-attack/training/n02102480_7676.jpg,cat
training,gs://gcp-vertex-ai-poisoning-attack/training/n02102973_1377.jpg,cat
training,gs://gcp-vertex-ai-poisoning-attack/training/n02102973_2535.jpg,cat
training,gs://gcp-vertex-ai-poisoning-attack/training/n02102973_2642.jpg,cat
training,gs://gcp-vertex-ai-poisoning-attack/training/n02102973_2870.jpg,cat
training,gs://gcp-vertex-ai-poisoning-attack/training/n02102973_3978.jpg,cat
training,gs://gcp-vertex-ai-poisoning-attack/training/n02102973_457.jpg,cat
training,gs://gcp-vertex-ai-poisoning-attack/training/n02102973_4597.jpg,cat
training,gs://gcp-vertex-ai-poisoning-attack/training/n02102973_4794.jpg,cat
training,gs://gcp-vertex-ai-poisoning-attack/training/n02102973_720.jpg,cat
training,gs://gcp-vertex-ai-poisoning-attack/training/n02102973_721.jpg,cat
training,gs://gcp-vertex-ai-poisoning-attack/training/n02104029_2323.jpg,cat
training,gs://gcp-vertex-ai-poisoning-attack/training/n02104029_2861.jpg,cat
training,gs://gcp-vertex-ai-poisoning-attack/training/n02104029_3564.jpg,cat
training,gs://gcp-vertex-ai-poisoning-attack/training/n02104029_3570.jpg,cat
training,gs://gcp-vertex-ai-poisoning-attack/training/n02104029_3766.jpg,cat
training,gs://gcp-vertex-ai-poisoning-attack/training/n02104029_4223.jpg,cat
training,gs://gcp-vertex-ai-poisoning-attack/training/n02104029_4431.jpg,cat
training,gs://gcp-vertex-ai-poisoning-attack/training/n02104029_4746.jpg,cat
training,gs://gcp-vertex-ai-poisoning-attack/training/n02104029_4800.jpg,cat
training,gs://gcp-vertex-ai-poisoning-attack/training/n02104029_4814.jpg,cat
training,gs://gcp-vertex-ai-poisoning-attack/training/n02104365_10139.jpg,cat
training,gs://gcp-vertex-ai-poisoning-attack/training/n02104365_10514.jpg,cat
training,gs://gcp-vertex-ai-poisoning-attack/training/n02104365_2092.jpg,cat
training,gs://gcp-vertex-ai-poisoning-attack/training/n02104365_330.jpg,cat
training,gs://gcp-vertex-ai-poisoning-attack/training/n02104365_3950.jpg,cat
training,gs://gcp-vertex-ai-poisoning-attack/training/n02104365_481.jpg,cat
training,gs://gcp-vertex-ai-poisoning-attack/training/n02104365_6140.jpg,cat
training,gs://gcp-vertex-ai-poisoning-attack/training/n02104365_6395.jpg,cat
training,gs://gcp-vertex-ai-poisoning-attack/training/n02104365_6551.jpg,cat
training,gs://gcp-vertex-ai-poisoning-attack/training/n02104365_8226.jpg,cat
training,gs://gcp-vertex-ai-poisoning-attack/training/n02105056_2678.jpg,cat
training,gs://gcp-vertex-ai-poisoning-attack/training/n02105056_3348.jpg,cat
training,gs://gcp-vertex-ai-poisoning-attack/training/n02105056_3599.jpg,cat
training,gs://gcp-vertex-ai-poisoning-attack/training/n02105056_4591.jpg,cat
training,gs://gcp-vertex-ai-poisoning-attack/training/n02105056_4631.jpg,cat
training,gs://gcp-vertex-ai-poisoning-attack/training/n02105056_4787.jpg,cat
training,gs://gcp-vertex-ai-poisoning-attack/training/n02105056_6387.jpg,cat
training,gs://gcp-vertex-ai-poisoning-attack/training/n02105056_6998.jpg,cat
training,gs://gcp-vertex-ai-poisoning-attack/training/n02105056_7112.jpg,cat
training,gs://gcp-vertex-ai-poisoning-attack/training/n02105056_7305.jpg,cat
training,gs://gcp-vertex-ai-poisoning-attack/training/n02105162_10351.jpg,cat
training,gs://gcp-vertex-ai-poisoning-attack/training/n02105162_175.jpg,cat
training,gs://gcp-vertex-ai-poisoning-attack/training/n02105162_2830.jpg,cat
training,gs://gcp-vertex-ai-poisoning-attack/training/n02105162_5385.jpg,cat
training,gs://gcp-vertex-ai-poisoning-attack/training/n02105162_5582.jpg,cat
training,gs://gcp-vertex-ai-poisoning-attack/training/n02105162_5757.jpg,cat
training,gs://gcp-vertex-ai-poisoning-attack/training/n02105162_6288.jpg,cat
training,gs://gcp-vertex-ai-poisoning-attack/training/n02105162_6459.jpg,cat
training,gs://gcp-vertex-ai-poisoning-attack/training/n02105162_7593.jpg,cat
training,gs://gcp-vertex-ai-poisoning-attack/training/n02105162_7790.jpg,cat
training,gs://gcp-vertex-ai-poisoning-attack/training/n02105251_2656.jpg,cat
training,gs://gcp-vertex-ai-poisoning-attack/training/n02105251_4569.jpg,cat
training,gs://gcp-vertex-ai-poisoning-attack/training/n02105251_5065.jpg,cat
training,gs://gcp-vertex-ai-poisoning-attack/training/n02105251_5677.jpg,cat
training,gs://gcp-vertex-ai-poisoning-attack/training/n02105251_6394.jpg,cat
training,gs://gcp-vertex-ai-poisoning-attack/training/n02105251_7115.jpg,cat
training,gs://gcp-vertex-ai-poisoning-attack/training/n02105251_7666.jpg,cat
training,gs://gcp-vertex-ai-poisoning-attack/training/n02105251_8384.jpg,cat
training,gs://gcp-vertex-ai-poisoning-attack/training/n02105251_8540.jpg,cat
training,gs://gcp-vertex-ai-poisoning-attack/training/n02105251_8743.jpg,cat
training,gs://gcp-vertex-ai-poisoning-attack/training/n02105412_1222.jpg,cat
training,gs://gcp-vertex-ai-poisoning-attack/training/n02105412_123.jpg,cat
training,gs://gcp-vertex-ai-poisoning-attack/training/n02105412_3031.jpg,cat
training,gs://gcp-vertex-ai-poisoning-attack/training/n02105412_3812.jpg,cat
training,gs://gcp-vertex-ai-poisoning-attack/training/n02105412_4038.jpg,cat
training,gs://gcp-vertex-ai-poisoning-attack/training/n02105412_452.jpg,cat
training,gs://gcp-vertex-ai-poisoning-attack/training/n02105412_5737.jpg,cat
training,gs://gcp-vertex-ai-poisoning-attack/training/n02105412_7256.jpg,cat
training,gs://gcp-vertex-ai-poisoning-attack/training/n02105412_730.jpg,cat
training,gs://gcp-vertex-ai-poisoning-attack/training/n02105412_7849.jpg,cat
training,gs://gcp-vertex-ai-poisoning-attack/training/n02105505_1077.jpg,cat
training,gs://gcp-vertex-ai-poisoning-attack/training/n02105505_2178.jpg,cat
training,gs://gcp-vertex-ai-poisoning-attack/training/n02105505_317.jpg,cat
training,gs://gcp-vertex-ai-poisoning-attack/training/n02105505_3887.jpg,cat
training,gs://gcp-vertex-ai-poisoning-attack/training/n02105505_3933.jpg,cat
training,gs://gcp-vertex-ai-poisoning-attack/training/n02105505_4090.jpg,cat
training,gs://gcp-vertex-ai-poisoning-attack/training/n02105505_4118.jpg,cat
training,gs://gcp-vertex-ai-poisoning-attack/training/n02105505_43.jpg,cat
training,gs://gcp-vertex-ai-poisoning-attack/training/n02105505_4325.jpg,cat
training,gs://gcp-vertex-ai-poisoning-attack/training/n02105505_935.jpg,cat
training,gs://gcp-vertex-ai-poisoning-attack/training/n02105641_10280.jpg,cat
training,gs://gcp-vertex-ai-poisoning-attack/training/n02105641_1618.jpg,cat
training,gs://gcp-vertex-ai-poisoning-attack/training/n02105641_309.jpg,cat
training,gs://gcp-vertex-ai-poisoning-attack/training/n02105641_3543.jpg,cat
training,gs://gcp-vertex-ai-poisoning-attack/training/n02105641_4577.jpg,cat
training,gs://gcp-vertex-ai-poisoning-attack/training/n02105641_678.jpg,cat
training,gs://gcp-vertex-ai-poisoning-attack/training/n02105641_7650.jpg,cat
training,gs://gcp-vertex-ai-poisoning-attack/training/n02105641_7902.jpg,cat
training,gs://gcp-vertex-ai-poisoning-attack/training/n02105641_8359.jpg,cat
training,gs://gcp-vertex-ai-poisoning-attack/training/n02105641_9319.jpg,cat
training,gs://gcp-vertex-ai-poisoning-attack/training/n02105855_10112.jpg,cat
training,gs://gcp-vertex-ai-poisoning-attack/training/n02105855_10729.jpg,cat
training,gs://gcp-vertex-ai-poisoning-attack/training/n02105855_13382.jpg,cat
training,gs://gcp-vertex-ai-poisoning-attack/training/n02105855_13586.jpg,cat
training,gs://gcp-vertex-ai-poisoning-attack/training/n02105855_15724.jpg,cat
training,gs://gcp-vertex-ai-poisoning-attack/training/n02105855_3255.jpg,cat
training,gs://gcp-vertex-ai-poisoning-attack/training/n02105855_4048.jpg,cat
training,gs://gcp-vertex-ai-poisoning-attack/training/n02105855_4302.jpg,cat
training,gs://gcp-vertex-ai-poisoning-attack/training/n02105855_5949.jpg,cat
training,gs://gcp-vertex-ai-poisoning-attack/training/n02105855_7224.jpg,cat
training,gs://gcp-vertex-ai-poisoning-attack/training/n02106030_14089.jpg,cat
training,gs://gcp-vertex-ai-poisoning-attack/training/n02106030_14738.jpg,cat
training,gs://gcp-vertex-ai-poisoning-attack/training/n02106030_15619.jpg,cat
training,gs://gcp-vertex-ai-poisoning-attack/training/n02106030_15631.jpg,cat
training,gs://gcp-vertex-ai-poisoning-attack/training/n02106030_16338.jpg,cat
training,gs://gcp-vertex-ai-poisoning-attack/training/n02106030_19383.jpg,cat
training,gs://gcp-vertex-ai-poisoning-attack/training/n02106030_19433.jpg,cat
training,gs://gcp-vertex-ai-poisoning-attack/training/n02106030_2522.jpg,cat
training,gs://gcp-vertex-ai-poisoning-attack/training/n02106030_7895.jpg,cat
training,gs://gcp-vertex-ai-poisoning-attack/training/n02106030_9339.jpg,cat
training,gs://gcp-vertex-ai-poisoning-attack/training/n02106166_1429.jpg,cat
training,gs://gcp-vertex-ai-poisoning-attack/training/n02106166_1776.jpg,cat
training,gs://gcp-vertex-ai-poisoning-attack/training/n02106166_204.jpg,cat
training,gs://gcp-vertex-ai-poisoning-attack/training/n02106166_2685.jpg,cat
training,gs://gcp-vertex-ai-poisoning-attack/training/n02106166_3996.jpg,cat
training,gs://gcp-vertex-ai-poisoning-attack/training/n02106166_402.jpg,cat
training,gs://gcp-vertex-ai-poisoning-attack/training/n02106166_416.jpg,cat
training,gs://gcp-vertex-ai-poisoning-attack/training/n02106166_4753.jpg,cat
training,gs://gcp-vertex-ai-poisoning-attack/training/n02106166_6569.jpg,cat
training,gs://gcp-vertex-ai-poisoning-attack/training/n02106166_7105.jpg,cat
training,gs://gcp-vertex-ai-poisoning-attack/training/n02106382_1311.jpg,cat
training,gs://gcp-vertex-ai-poisoning-attack/training/n02106382_1648.jpg,cat
training,gs://gcp-vertex-ai-poisoning-attack/training/n02106382_1700.jpg,cat
training,gs://gcp-vertex-ai-poisoning-attack/training/n02106382_2195.jpg,cat
training,gs://gcp-vertex-ai-poisoning-attack/training/n02106382_2553.jpg,cat
training,gs://gcp-vertex-ai-poisoning-attack/training/n02106382_3856.jpg,cat
training,gs://gcp-vertex-ai-poisoning-attack/training/n02106382_4532.jpg,cat
training,gs://gcp-vertex-ai-poisoning-attack/training/n02106382_469.jpg,cat
training,gs://gcp-vertex-ai-poisoning-attack/training/n02106382_680.jpg,cat
training,gs://gcp-vertex-ai-poisoning-attack/training/n02106382_865.jpg,cat
training,gs://gcp-vertex-ai-poisoning-attack/training/n02106550_10222.jpg,cat
training,gs://gcp-vertex-ai-poisoning-attack/training/n02106550_11465.jpg,cat
training,gs://gcp-vertex-ai-poisoning-attack/training/n02106550_12409.jpg,cat
training,gs://gcp-vertex-ai-poisoning-attack/training/n02106550_1388.jpg,cat
training,gs://gcp-vertex-ai-poisoning-attack/training/n02106550_3993.jpg,cat
training,gs://gcp-vertex-ai-poisoning-attack/training/n02106550_4150.jpg,cat
training,gs://gcp-vertex-ai-poisoning-attack/training/n02106550_4191.jpg,cat
training,gs://gcp-vertex-ai-poisoning-attack/training/n02106550_6424.jpg,cat
training,gs://gcp-vertex-ai-poisoning-attack/training/n02106550_8024.jpg,cat
training,gs://gcp-vertex-ai-poisoning-attack/training/n02106550_8146.jpg,cat
training,gs://gcp-vertex-ai-poisoning-attack/training/n02106662_10552.jpg,cat
training,gs://gcp-vertex-ai-poisoning-attack/training/n02106662_21348.jpg,cat
training,gs://gcp-vertex-ai-poisoning-attack/training/n02106662_22245.jpg,cat
training,gs://gcp-vertex-ai-poisoning-attack/training/n02106662_24768.jpg,cat
training,gs://gcp-vertex-ai-poisoning-attack/training/n02106662_320.jpg,cat
training,gs://gcp-vertex-ai-poisoning-attack/training/n02106662_5795.jpg,cat
training,gs://gcp-vertex-ai-poisoning-attack/training/n02106662_7168.jpg,cat
training,gs://gcp-vertex-ai-poisoning-attack/training/n02106662_7545.jpg,cat
training,gs://gcp-vertex-ai-poisoning-attack/training/n02106662_7960.jpg,cat
training,gs://gcp-vertex-ai-poisoning-attack/training/n02106662_9226.jpg,cat
training,gs://gcp-vertex-ai-poisoning-attack/training/n02107142_12488.jpg,cat
training,gs://gcp-vertex-ai-poisoning-attack/training/n02107142_3033.jpg,cat
training,gs://gcp-vertex-ai-poisoning-attack/training/n02107142_3556.jpg,cat
training,gs://gcp-vertex-ai-poisoning-attack/training/n02107142_3621.jpg,cat
training,gs://gcp-vertex-ai-poisoning-attack/training/n02107142_3741.jpg,cat
training,gs://gcp-vertex-ai-poisoning-attack/training/n02107142_385.jpg,cat
training,gs://gcp-vertex-ai-poisoning-attack/training/n02107142_4013.jpg,cat
training,gs://gcp-vertex-ai-poisoning-attack/training/n02107142_7731.jpg,cat
training,gs://gcp-vertex-ai-poisoning-attack/training/n02107142_9090.jpg,cat
training,gs://gcp-vertex-ai-poisoning-attack/training/n02107142_971.jpg,cat
training,gs://gcp-vertex-ai-poisoning-attack/training/n02107312_1885.jpg,cat
training,gs://gcp-vertex-ai-poisoning-attack/training/n02107312_4057.jpg,cat
training,gs://gcp-vertex-ai-poisoning-attack/training/n02107312_4269.jpg,cat
training,gs://gcp-vertex-ai-poisoning-attack/training/n02107312_4650.jpg,cat
training,gs://gcp-vertex-ai-poisoning-attack/training/n02107312_4692.jpg,cat
training,gs://gcp-vertex-ai-poisoning-attack/training/n02107312_496.jpg,cat
training,gs://gcp-vertex-ai-poisoning-attack/training/n02107312_5188.jpg,cat
training,gs://gcp-vertex-ai-poisoning-attack/training/n02107312_5407.jpg,cat
training,gs://gcp-vertex-ai-poisoning-attack/training/n02107312_5567.jpg,cat
training,gs://gcp-vertex-ai-poisoning-attack/training/n02107312_6683.jpg,cat
training,gs://gcp-vertex-ai-poisoning-attack/training/n02107574_1026.jpg,cat
training,gs://gcp-vertex-ai-poisoning-attack/training/n02107574_1032.jpg,cat
training,gs://gcp-vertex-ai-poisoning-attack/training/n02107574_1033.jpg,cat
training,gs://gcp-vertex-ai-poisoning-attack/training/n02107574_1387.jpg,cat
training,gs://gcp-vertex-ai-poisoning-attack/training/n02107574_1437.jpg,cat
training,gs://gcp-vertex-ai-poisoning-attack/training/n02107574_15.jpg,cat
training,gs://gcp-vertex-ai-poisoning-attack/training/n02107574_2100.jpg,cat
training,gs://gcp-vertex-ai-poisoning-attack/training/n02107574_261.jpg,cat
training,gs://gcp-vertex-ai-poisoning-attack/training/n02107574_2665.jpg,cat
training,gs://gcp-vertex-ai-poisoning-attack/training/n02107574_467.jpg,cat
training,gs://gcp-vertex-ai-poisoning-attack/training/n02107683_1421.jpg,cat
training,gs://gcp-vertex-ai-poisoning-attack/training/n02107683_1958.jpg,cat
training,gs://gcp-vertex-ai-poisoning-attack/training/n02107683_20.jpg,cat
training,gs://gcp-vertex-ai-poisoning-attack/training/n02107683_3034.jpg,cat
training,gs://gcp-vertex-ai-poisoning-attack/training/n02107683_3140.jpg,cat
training,gs://gcp-vertex-ai-poisoning-attack/training/n02107683_34.jpg,cat
training,gs://gcp-vertex-ai-poisoning-attack/training/n02107683_4411.jpg,cat
training,gs://gcp-vertex-ai-poisoning-attack/training/n02107683_5684.jpg,cat
training,gs://gcp-vertex-ai-poisoning-attack/training/n02107683_5848.jpg,cat
training,gs://gcp-vertex-ai-poisoning-attack/training/n02107683_6825.jpg,cat
training,gs://gcp-vertex-ai-poisoning-attack/training/n02107908_2608.jpg,cat
training,gs://gcp-vertex-ai-poisoning-attack/training/n02107908_3728.jpg,cat
training,gs://gcp-vertex-ai-poisoning-attack/training/n02107908_3926.jpg,cat
training,gs://gcp-vertex-ai-poisoning-attack/training/n02107908_451.jpg,cat
training,gs://gcp-vertex-ai-poisoning-attack/training/n02107908_4669.jpg,cat
training,gs://gcp-vertex-ai-poisoning-attack/training/n02107908_5371.jpg,cat
training,gs://gcp-vertex-ai-poisoning-attack/training/n02107908_6042.jpg,cat
training,gs://gcp-vertex-ai-poisoning-attack/training/n02107908_691.jpg,cat
training,gs://gcp-vertex-ai-poisoning-attack/training/n02107908_7943.jpg,cat
training,gs://gcp-vertex-ai-poisoning-attack/training/n02107908_849.jpg,cat
training,gs://gcp-vertex-ai-poisoning-attack/training/n02108000_1011.jpg,cat
training,gs://gcp-vertex-ai-poisoning-attack/training/n02108000_1167.jpg,cat
training,gs://gcp-vertex-ai-poisoning-attack/training/n02108000_1574.jpg,cat
training,gs://gcp-vertex-ai-poisoning-attack/training/n02108000_1832.jpg,cat
training,gs://gcp-vertex-ai-poisoning-attack/training/n02108000_2452.jpg,cat
training,gs://gcp-vertex-ai-poisoning-attack/training/n02108000_2644.jpg,cat
training,gs://gcp-vertex-ai-poisoning-attack/training/n02108000_2653.jpg,cat
training,gs://gcp-vertex-ai-poisoning-attack/training/n02108000_3002.jpg,cat
training,gs://gcp-vertex-ai-poisoning-attack/training/n02108000_316.jpg,cat
training,gs://gcp-vertex-ai-poisoning-attack/training/n02108000_841.jpg,cat
training,gs://gcp-vertex-ai-poisoning-attack/training/n02108089_1104.jpg,cat
training,gs://gcp-vertex-ai-poisoning-attack/training/n02108089_13738.jpg,cat
training,gs://gcp-vertex-ai-poisoning-attack/training/n02108089_14719.jpg,cat
training,gs://gcp-vertex-ai-poisoning-attack/training/n02108089_1675.jpg,cat
training,gs://gcp-vertex-ai-poisoning-attack/training/n02108089_2432.jpg,cat
training,gs://gcp-vertex-ai-poisoning-attack/training/n02108089_2791.jpg,cat
training,gs://gcp-vertex-ai-poisoning-attack/training/n02108089_2815.jpg,cat
training,gs://gcp-vertex-ai-poisoning-attack/training/n02108089_3248.jpg,cat
training,gs://gcp-vertex-ai-poisoning-attack/training/n02108089_4486.jpg,cat
training,gs://gcp-vertex-ai-poisoning-attack/training/n02108089_813.jpg,cat
training,gs://gcp-vertex-ai-poisoning-attack/training/n02108422_1096.jpg,cat
training,gs://gcp-vertex-ai-poisoning-attack/training/n02108422_1242.jpg,cat
training,gs://gcp-vertex-ai-poisoning-attack/training/n02108422_1445.jpg,cat
training,gs://gcp-vertex-ai-poisoning-attack/training/n02108422_2207.jpg,cat
training,gs://gcp-vertex-ai-poisoning-attack/training/n02108422_3051.jpg,cat
training,gs://gcp-vertex-ai-poisoning-attack/training/n02108422_3086.jpg,cat
training,gs://gcp-vertex-ai-poisoning-attack/training/n02108422_3440.jpg,cat
training,gs://gcp-vertex-ai-poisoning-attack/training/n02108422_3911.jpg,cat
training,gs://gcp-vertex-ai-poisoning-attack/training/n02108422_4064.jpg,cat
training,gs://gcp-vertex-ai-poisoning-attack/training/n02108422_628.jpg,cat
training,gs://gcp-vertex-ai-poisoning-attack/training/n02108551_12438.jpg,cat
training,gs://gcp-vertex-ai-poisoning-attack/training/n02108551_1409.jpg,cat
training,gs://gcp-vertex-ai-poisoning-attack/training/n02108551_1543.jpg,cat
training,gs://gcp-vertex-ai-poisoning-attack/training/n02108551_2301.jpg,cat
training,gs://gcp-vertex-ai-poisoning-attack/training/n02108551_262.jpg,cat
training,gs://gcp-vertex-ai-poisoning-attack/training/n02108551_2658.jpg,cat
training,gs://gcp-vertex-ai-poisoning-attack/training/n02108551_3578.jpg,cat
training,gs://gcp-vertex-ai-poisoning-attack/training/n02108551_7523.jpg,cat
training,gs://gcp-vertex-ai-poisoning-attack/training/n02108551_854.jpg,cat
training,gs://gcp-vertex-ai-poisoning-attack/training/n02108551_8943.jpg,cat
training,gs://gcp-vertex-ai-poisoning-attack/training/n02108915_10204.jpg,cat
training,gs://gcp-vertex-ai-poisoning-attack/training/n02108915_160.jpg,cat
training,gs://gcp-vertex-ai-poisoning-attack/training/n02108915_1788.jpg,cat
training,gs://gcp-vertex-ai-poisoning-attack/training/n02108915_3202.jpg,cat
training,gs://gcp-vertex-ai-poisoning-attack/training/n02108915_3766.jpg,cat
training,gs://gcp-vertex-ai-poisoning-attack/training/n02108915_5458.jpg,cat
training,gs://gcp-vertex-ai-poisoning-attack/training/n02108915_571.jpg,cat
training,gs://gcp-vertex-ai-poisoning-attack/training/n02108915_7266.jpg,cat
training,gs://gcp-vertex-ai-poisoning-attack/training/n02108915_759.jpg,cat
training,gs://gcp-vertex-ai-poisoning-attack/training/n02108915_9666.jpg,cat
training,gs://gcp-vertex-ai-poisoning-attack/training/n02109047_12726.jpg,cat
training,gs://gcp-vertex-ai-poisoning-attack/training/n02109047_1659.jpg,cat
training,gs://gcp-vertex-ai-poisoning-attack/training/n02109047_31049.jpg,cat
training,gs://gcp-vertex-ai-poisoning-attack/training/n02109047_34093.jpg,cat
training,gs://gcp-vertex-ai-poisoning-attack/training/n02109047_481.jpg,cat
training,gs://gcp-vertex-ai-poisoning-attack/training/n02109047_5588.jpg,cat
training,gs://gcp-vertex-ai-poisoning-attack/training/n02109047_6042.jpg,cat
training,gs://gcp-vertex-ai-poisoning-attack/training/n02109047_6447.jpg,cat
training,gs://gcp-vertex-ai-poisoning-attack/training/n02109047_8090.jpg,cat
training,gs://gcp-vertex-ai-poisoning-attack/training/n02109047_8912.jpg,cat
training,gs://gcp-vertex-ai-poisoning-attack/training/n02109525_10960.jpg,cat
training,gs://gcp-vertex-ai-poisoning-attack/training/n02109525_11465.jpg,cat
training,gs://gcp-vertex-ai-poisoning-attack/training/n02109525_16487.jpg,cat
training,gs://gcp-vertex-ai-poisoning-attack/training/n02109525_1741.jpg,cat
training,gs://gcp-vertex-ai-poisoning-attack/training/n02109525_1972.jpg,cat
training,gs://gcp-vertex-ai-poisoning-attack/training/n02109525_2248.jpg,cat
training,gs://gcp-vertex-ai-poisoning-attack/training/n02109525_539.jpg,cat
training,gs://gcp-vertex-ai-poisoning-attack/training/n02109525_7085.jpg,cat
training,gs://gcp-vertex-ai-poisoning-attack/training/n02109525_8822.jpg,cat
training,gs://gcp-vertex-ai-poisoning-attack/training/n02109525_883.jpg,cat
training,gs://gcp-vertex-ai-poisoning-attack/training/n02109961_16095.jpg,cat
training,gs://gcp-vertex-ai-poisoning-attack/training/n02109961_16491.jpg,cat
training,gs://gcp-vertex-ai-poisoning-attack/training/n02109961_16718.jpg,cat
training,gs://gcp-vertex-ai-poisoning-attack/training/n02109961_19358.jpg,cat
training,gs://gcp-vertex-ai-poisoning-attack/training/n02109961_2532.jpg,cat
training,gs://gcp-vertex-ai-poisoning-attack/training/n02109961_3956.jpg,cat
training,gs://gcp-vertex-ai-poisoning-attack/training/n02109961_4157.jpg,cat
training,gs://gcp-vertex-ai-poisoning-attack/training/n02109961_4369.jpg,cat
training,gs://gcp-vertex-ai-poisoning-attack/training/n02109961_4619.jpg,cat
training,gs://gcp-vertex-ai-poisoning-attack/training/n02109961_8977.jpg,cat
training,gs://gcp-vertex-ai-poisoning-attack/training/n02110063_10567.jpg,cat
training,gs://gcp-vertex-ai-poisoning-attack/training/n02110063_13126.jpg,cat
training,gs://gcp-vertex-ai-poisoning-attack/training/n02110063_15580.jpg,cat
training,gs://gcp-vertex-ai-poisoning-attack/training/n02110063_17962.jpg,cat
training,gs://gcp-vertex-ai-poisoning-attack/training/n02110063_19390.jpg,cat
training,gs://gcp-vertex-ai-poisoning-attack/training/n02110063_4432.jpg,cat
training,gs://gcp-vertex-ai-poisoning-attack/training/n02110063_540.jpg,cat
training,gs://gcp-vertex-ai-poisoning-attack/training/n02110063_6636.jpg,cat
training,gs://gcp-vertex-ai-poisoning-attack/training/n02110063_838.jpg,cat
training,gs://gcp-vertex-ai-poisoning-attack/training/n02110063_8977.jpg,cat
training,gs://gcp-vertex-ai-poisoning-attack/training/n02110185_1164.jpg,cat
training,gs://gcp-vertex-ai-poisoning-attack/training/n02110185_11783.jpg,cat
training,gs://gcp-vertex-ai-poisoning-attack/training/n02110185_12498.jpg,cat
training,gs://gcp-vertex-ai-poisoning-attack/training/n02110185_3808.jpg,cat
training,gs://gcp-vertex-ai-poisoning-attack/training/n02110185_6409.jpg,cat
training,gs://gcp-vertex-ai-poisoning-attack/training/n02110185_6780.jpg,cat
training,gs://gcp-vertex-ai-poisoning-attack/training/n02110185_7879.jpg,cat
training,gs://gcp-vertex-ai-poisoning-attack/training/n02110185_8154.jpg,cat
training,gs://gcp-vertex-ai-poisoning-attack/training/n02110185_9712.jpg,cat
training,gs://gcp-vertex-ai-poisoning-attack/training/n02110185_9855.jpg,cat
training,gs://gcp-vertex-ai-poisoning-attack/training/n02110627_11435.jpg,cat
training,gs://gcp-vertex-ai-poisoning-attack/training/n02110627_11811.jpg,cat
training,gs://gcp-vertex-ai-poisoning-attack/training/n02110627_13020.jpg,cat
training,gs://gcp-vertex-ai-poisoning-attack/training/n02110627_2416.jpg,cat
training,gs://gcp-vertex-ai-poisoning-attack/training/n02110627_2748.jpg,cat
training,gs://gcp-vertex-ai-poisoning-attack/training/n02110627_6670.jpg,cat
training,gs://gcp-vertex-ai-poisoning-attack/training/n02110627_6842.jpg,cat
training,gs://gcp-vertex-ai-poisoning-attack/training/n02110627_8099.jpg,cat
training,gs://gcp-vertex-ai-poisoning-attack/training/n02110627_8714.jpg,cat
training,gs://gcp-vertex-ai-poisoning-attack/training/n02110627_9634.jpg,cat
training,gs://gcp-vertex-ai-poisoning-attack/training/n02110806_1019.jpg,cat
training,gs://gcp-vertex-ai-poisoning-attack/training/n02110806_1179.jpg,cat
training,gs://gcp-vertex-ai-poisoning-attack/training/n02110806_1637.jpg,cat
training,gs://gcp-vertex-ai-poisoning-attack/training/n02110806_17.jpg,cat
training,gs://gcp-vertex-ai-poisoning-attack/training/n02110806_2100.jpg,cat
training,gs://gcp-vertex-ai-poisoning-attack/training/n02110806_3008.jpg,cat
training,gs://gcp-vertex-ai-poisoning-attack/training/n02110806_4216.jpg,cat
training,gs://gcp-vertex-ai-poisoning-attack/training/n02110806_479.jpg,cat
training,gs://gcp-vertex-ai-poisoning-attack/training/n02110806_518.jpg,cat
training,gs://gcp-vertex-ai-poisoning-attack/training/n02110806_5256.jpg,cat
training,gs://gcp-vertex-ai-poisoning-attack/training/n02110958_11261.jpg,cat
training,gs://gcp-vertex-ai-poisoning-attack/training/n02110958_12224.jpg,cat
training,gs://gcp-vertex-ai-poisoning-attack/training/n02110958_12350.jpg,cat
training,gs://gcp-vertex-ai-poisoning-attack/training/n02110958_12807.jpg,cat
training,gs://gcp-vertex-ai-poisoning-attack/training/n02110958_14654.jpg,cat
training,gs://gcp-vertex-ai-poisoning-attack/training/n02110958_14683.jpg,cat
training,gs://gcp-vertex-ai-poisoning-attack/training/n02110958_15615.jpg,cat
training,gs://gcp-vertex-ai-poisoning-attack/training/n02110958_16334.jpg,cat
training,gs://gcp-vertex-ai-poisoning-attack/training/n02110958_16453.jpg,cat
training,gs://gcp-vertex-ai-poisoning-attack/training/n02110958_4043.jpg,cat
training,gs://gcp-vertex-ai-poisoning-attack/training/n02111129_1042.jpg,cat
training,gs://gcp-vertex-ai-poisoning-attack/training/n02111129_1094.jpg,cat
training,gs://gcp-vertex-ai-poisoning-attack/training/n02111129_1447.jpg,cat
training,gs://gcp-vertex-ai-poisoning-attack/training/n02111129_1724.jpg,cat
training,gs://gcp-vertex-ai-poisoning-attack/training/n02111129_2012.jpg,cat
training,gs://gcp-vertex-ai-poisoning-attack/training/n02111129_2211.jpg,cat
training,gs://gcp-vertex-ai-poisoning-attack/training/n02111129_38.jpg,cat
training,gs://gcp-vertex-ai-poisoning-attack/training/n02111129_4305.jpg,cat
training,gs://gcp-vertex-ai-poisoning-attack/training/n02111129_4477.jpg,cat
training,gs://gcp-vertex-ai-poisoning-attack/training/n02111129_686.jpg,cat
training,gs://gcp-vertex-ai-poisoning-attack/training/n02111277_12381.jpg,cat
training,gs://gcp-vertex-ai-poisoning-attack/training/n02111277_176.jpg,cat
training,gs://gcp-vertex-ai-poisoning-attack/training/n02111277_2769.jpg,cat
training,gs://gcp-vertex-ai-poisoning-attack/training/n02111277_2807.jpg,cat
training,gs://gcp-vertex-ai-poisoning-attack/training/n02111277_413.jpg,cat
training,gs://gcp-vertex-ai-poisoning-attack/training/n02111277_4292.jpg,cat
training,gs://gcp-vertex-ai-poisoning-attack/training/n02111277_4654.jpg,cat
training,gs://gcp-vertex-ai-poisoning-attack/training/n02111277_4872.jpg,cat
training,gs://gcp-vertex-ai-poisoning-attack/training/n02111277_5577.jpg,cat
training,gs://gcp-vertex-ai-poisoning-attack/training/n02111277_980.jpg,cat
training,gs://gcp-vertex-ai-poisoning-attack/training/n02111500_1603.jpg,cat
training,gs://gcp-vertex-ai-poisoning-attack/training/n02111500_1777.jpg,cat
training,gs://gcp-vertex-ai-poisoning-attack/training/n02111500_241.jpg,cat
training,gs://gcp-vertex-ai-poisoning-attack/training/n02111500_3835.jpg,cat
training,gs://gcp-vertex-ai-poisoning-attack/training/n02111500_533.jpg,cat
training,gs://gcp-vertex-ai-poisoning-attack/training/n02111500_5897.jpg,cat
training,gs://gcp-vertex-ai-poisoning-attack/training/n02111500_5935.jpg,cat
training,gs://gcp-vertex-ai-poisoning-attack/training/n02111500_6227.jpg,cat
training,gs://gcp-vertex-ai-poisoning-attack/training/n02111500_644.jpg,cat
training,gs://gcp-vertex-ai-poisoning-attack/training/n02111500_7139.jpg,cat
training,gs://gcp-vertex-ai-poisoning-attack/training/n02111889_1264.jpg,cat
training,gs://gcp-vertex-ai-poisoning-attack/training/n02111889_16116.jpg,cat
training,gs://gcp-vertex-ai-poisoning-attack/training/n02111889_1714.jpg,cat
training,gs://gcp-vertex-ai-poisoning-attack/training/n02111889_17368.jpg,cat
training,gs://gcp-vertex-ai-poisoning-attack/training/n02111889_17383.jpg,cat
training,gs://gcp-vertex-ai-poisoning-attack/training/n02111889_3499.jpg,cat
training,gs://gcp-vertex-ai-poisoning-attack/training/n02111889_4484.jpg,cat
training,gs://gcp-vertex-ai-poisoning-attack/training/n02111889_4679.jpg,cat
training,gs://gcp-vertex-ai-poisoning-attack/training/n02111889_774.jpg,cat
training,gs://gcp-vertex-ai-poisoning-attack/training/n02111889_8240.jpg,cat
training,gs://gcp-vertex-ai-poisoning-attack/training/n02112018_12137.jpg,cat
training,gs://gcp-vertex-ai-poisoning-attack/training/n02112018_1486.jpg,cat
training,gs://gcp-vertex-ai-poisoning-attack/training/n02112018_1518.jpg,cat
training,gs://gcp-vertex-ai-poisoning-attack/training/n02112018_1929.jpg,cat
training,gs://gcp-vertex-ai-poisoning-attack/training/n02112018_2207.jpg,cat
training,gs://gcp-vertex-ai-poisoning-attack/training/n02112018_3737.jpg,cat
training,gs://gcp-vertex-ai-poisoning-attack/training/n02112018_5540.jpg,cat
training,gs://gcp-vertex-ai-poisoning-attack/training/n02112018_5554.jpg,cat
training,gs://gcp-vertex-ai-poisoning-attack/training/n02112018_5959.jpg,cat
training,gs://gcp-vertex-ai-poisoning-attack/training/n02112018_6129.jpg,cat
training,gs://gcp-vertex-ai-poisoning-attack/training/n02112137_11472.jpg,cat
training,gs://gcp-vertex-ai-poisoning-attack/training/n02112137_12741.jpg,cat
training,gs://gcp-vertex-ai-poisoning-attack/training/n02112137_13649.jpg,cat
training,gs://gcp-vertex-ai-poisoning-attack/training/n02112137_16533.jpg,cat
training,gs://gcp-vertex-ai-poisoning-attack/training/n02112137_2619.jpg,cat
training,gs://gcp-vertex-ai-poisoning-attack/training/n02112137_2745.jpg,cat
training,gs://gcp-vertex-ai-poisoning-attack/training/n02112137_3467.jpg,cat
training,gs://gcp-vertex-ai-poisoning-attack/training/n02112137_4650.jpg,cat
training,gs://gcp-vertex-ai-poisoning-attack/training/n02112137_6709.jpg,cat
training,gs://gcp-vertex-ai-poisoning-attack/training/n02112137_7991.jpg,cat
training,gs://gcp-vertex-ai-poisoning-attack/training/n02112350_10079.jpg,cat
training,gs://gcp-vertex-ai-poisoning-attack/training/n02112350_3314.jpg,cat
training,gs://gcp-vertex-ai-poisoning-attack/training/n02112350_4122.jpg,cat
training,gs://gcp-vertex-ai-poisoning-attack/training/n02112350_4282.jpg,cat
training,gs://gcp-vertex-ai-poisoning-attack/training/n02112350_6906.jpg,cat
training,gs://gcp-vertex-ai-poisoning-attack/training/n02112350_7038.jpg,cat
training,gs://gcp-vertex-ai-poisoning-attack/training/n02112350_7789.jpg,cat
training,gs://gcp-vertex-ai-poisoning-attack/training/n02112350_7826.jpg,cat
training,gs://gcp-vertex-ai-poisoning-attack/training/n02112350_7952.jpg,cat
training,gs://gcp-vertex-ai-poisoning-attack/training/n02112350_8484.jpg,cat
training,gs://gcp-vertex-ai-poisoning-attack/training/n02112706_1065.jpg,cat
training,gs://gcp-vertex-ai-poisoning-attack/training/n02112706_1298.jpg,cat
training,gs://gcp-vertex-ai-poisoning-attack/training/n02112706_1306.jpg,cat
training,gs://gcp-vertex-ai-poisoning-attack/training/n02112706_1307.jpg,cat
training,gs://gcp-vertex-ai-poisoning-attack/training/n02112706_1688.jpg,cat
training,gs://gcp-vertex-ai-poisoning-attack/training/n02112706_2155.jpg,cat
training,gs://gcp-vertex-ai-poisoning-attack/training/n02112706_2169.jpg,cat
training,gs://gcp-vertex-ai-poisoning-attack/training/n02112706_2550.jpg,cat
training,gs://gcp-vertex-ai-poisoning-attack/training/n02112706_473.jpg,cat
training,gs://gcp-vertex-ai-poisoning-attack/training/n02112706_895.jpg,cat
training,gs://gcp-vertex-ai-poisoning-attack/training/n02113023_11397.jpg,cat
training,gs://gcp-vertex-ai-poisoning-attack/training/n02113023_1144.jpg,cat
training,gs://gcp-vertex-ai-poisoning-attack/training/n02113023_1151.jpg,cat
training,gs://gcp-vertex-ai-poisoning-attack/training/n02113023_2316.jpg,cat
training,gs://gcp-vertex-ai-poisoning-attack/training/n02113023_5295.jpg,cat
training,gs://gcp-vertex-ai-poisoning-attack/training/n02113023_5848.jpg,cat
training,gs://gcp-vertex-ai-poisoning-attack/training/n02113023_5901.jpg,cat
training,gs://gcp-vertex-ai-poisoning-attack/training/n02113023_6548.jpg,cat
training,gs://gcp-vertex-ai-poisoning-attack/training/n02113023_6826.jpg,cat
training,gs://gcp-vertex-ai-poisoning-attack/training/n02113023_7292.jpg,cat
training,gs://gcp-vertex-ai-poisoning-attack/training/n02113186_1030.jpg,cat
training,gs://gcp-vertex-ai-poisoning-attack/training/n02113186_10891.jpg,cat
training,gs://gcp-vertex-ai-poisoning-attack/training/n02113186_11741.jpg,cat
training,gs://gcp-vertex-ai-poisoning-attack/training/n02113186_12316.jpg,cat
training,gs://gcp-vertex-ai-poisoning-attack/training/n02113186_12499.jpg,cat
training,gs://gcp-vertex-ai-poisoning-attack/training/n02113186_12513.jpg,cat
training,gs://gcp-vertex-ai-poisoning-attack/training/n02113186_3169.jpg,cat
training,gs://gcp-vertex-ai-poisoning-attack/training/n02113186_5242.jpg,cat
training,gs://gcp-vertex-ai-poisoning-attack/training/n02113186_6415.jpg,cat
training,gs://gcp-vertex-ai-poisoning-attack/training/n02113186_6992.jpg,cat
training,gs://gcp-vertex-ai-poisoning-attack/training/n02113624_1063.jpg,cat
training,gs://gcp-vertex-ai-poisoning-attack/training/n02113624_1077.jpg,cat
training,gs://gcp-vertex-ai-poisoning-attack/training/n02113624_2224.jpg,cat
training,gs://gcp-vertex-ai-poisoning-attack/training/n02113624_2595.jpg,cat
training,gs://gcp-vertex-ai-poisoning-attack/training/n02113624_2609.jpg,cat
training,gs://gcp-vertex-ai-poisoning-attack/training/n02113624_265.jpg,cat
training,gs://gcp-vertex-ai-poisoning-attack/training/n02113624_3462.jpg,cat
training,gs://gcp-vertex-ai-poisoning-attack/training/n02113624_3517.jpg,cat
training,gs://gcp-vertex-ai-poisoning-attack/training/n02113624_3714.jpg,cat
training,gs://gcp-vertex-ai-poisoning-attack/training/n02113624_9199.jpg,cat
training,gs://gcp-vertex-ai-poisoning-attack/training/n02113712_1077.jpg,cat
training,gs://gcp-vertex-ai-poisoning-attack/training/n02113712_1088.jpg,cat
training,gs://gcp-vertex-ai-poisoning-attack/training/n02113712_166.jpg,cat
training,gs://gcp-vertex-ai-poisoning-attack/training/n02113712_211.jpg,cat
training,gs://gcp-vertex-ai-poisoning-attack/training/n02113712_2379.jpg,cat
training,gs://gcp-vertex-ai-poisoning-attack/training/n02113712_5210.jpg,cat
training,gs://gcp-vertex-ai-poisoning-attack/training/n02113712_8655.jpg,cat
training,gs://gcp-vertex-ai-poisoning-attack/training/n02113712_8708.jpg,cat
training,gs://gcp-vertex-ai-poisoning-attack/training/n02113712_9013.jpg,cat
training,gs://gcp-vertex-ai-poisoning-attack/training/n02113712_9629.jpg,cat
training,gs://gcp-vertex-ai-poisoning-attack/training/n02113799_1536.jpg,cat
training,gs://gcp-vertex-ai-poisoning-attack/training/n02113799_1864.jpg,cat
training,gs://gcp-vertex-ai-poisoning-attack/training/n02113799_2017.jpg,cat
training,gs://gcp-vertex-ai-poisoning-attack/training/n02113799_2765.jpg,cat
training,gs://gcp-vertex-ai-poisoning-attack/training/n02113799_3054.jpg,cat
training,gs://gcp-vertex-ai-poisoning-attack/training/n02113799_3055.jpg,cat
training,gs://gcp-vertex-ai-poisoning-attack/training/n02113799_4458.jpg,cat
training,gs://gcp-vertex-ai-poisoning-attack/training/n02113799_5009.jpg,cat
training,gs://gcp-vertex-ai-poisoning-attack/training/n02113799_5975.jpg,cat
training,gs://gcp-vertex-ai-poisoning-attack/training/n02113799_6448.jpg,cat
training,gs://gcp-vertex-ai-poisoning-attack/training/n02113978_143.jpg,cat
training,gs://gcp-vertex-ai-poisoning-attack/training/n02113978_2167.jpg,cat
training,gs://gcp-vertex-ai-poisoning-attack/training/n02113978_3318.jpg,cat
training,gs://gcp-vertex-ai-poisoning-attack/training/n02113978_341.jpg,cat
training,gs://gcp-vertex-ai-poisoning-attack/training/n02113978_3480.jpg,cat
training,gs://gcp-vertex-ai-poisoning-attack/training/n02113978_3640.jpg,cat
training,gs://gcp-vertex-ai-poisoning-attack/training/n02113978_3655.jpg,cat
training,gs://gcp-vertex-ai-poisoning-attack/training/n02113978_3734.jpg,cat
training,gs://gcp-vertex-ai-poisoning-attack/training/n02113978_3866.jpg,cat
training,gs://gcp-vertex-ai-poisoning-attack/training/n02113978_553.jpg,cat
training,gs://gcp-vertex-ai-poisoning-attack/training/n02115641_1145.jpg,cat
training,gs://gcp-vertex-ai-poisoning-attack/training/n02115641_12922.jpg,cat
training,gs://gcp-vertex-ai-poisoning-attack/training/n02115641_3977.jpg,cat
training,gs://gcp-vertex-ai-poisoning-attack/training/n02115641_4607.jpg,cat
training,gs://gcp-vertex-ai-poisoning-attack/training/n02115641_5492.jpg,cat
training,gs://gcp-vertex-ai-poisoning-attack/training/n02115641_6575.jpg,cat
training,gs://gcp-vertex-ai-poisoning-attack/training/n02115641_7119.jpg,cat
training,gs://gcp-vertex-ai-poisoning-attack/training/n02115641_7898.jpg,cat
training,gs://gcp-vertex-ai-poisoning-attack/training/n02115641_8798.jpg,cat
training,gs://gcp-vertex-ai-poisoning-attack/training/n02115641_9686.jpg,cat
training,gs://gcp-vertex-ai-poisoning-attack/training/n02115913_1233.jpg,cat
training,gs://gcp-vertex-ai-poisoning-attack/training/n02115913_1352.jpg,cat
training,gs://gcp-vertex-ai-poisoning-attack/training/n02115913_1622.jpg,cat
training,gs://gcp-vertex-ai-poisoning-attack/training/n02115913_1637.jpg,cat
training,gs://gcp-vertex-ai-poisoning-attack/training/n02115913_1742.jpg,cat
training,gs://gcp-vertex-ai-poisoning-attack/training/n02115913_2841.jpg,cat
training,gs://gcp-vertex-ai-poisoning-attack/training/n02115913_3196.jpg,cat
training,gs://gcp-vertex-ai-poisoning-attack/training/n02115913_3753.jpg,cat
training,gs://gcp-vertex-ai-poisoning-attack/training/n02115913_38.jpg,cat
training,gs://gcp-vertex-ai-poisoning-attack/training/n02115913_3800.jpg,cat
training,gs://gcp-vertex-ai-poisoning-attack/training/n02116738_10169.jpg,cat
training,gs://gcp-vertex-ai-poisoning-attack/training/n02116738_219.jpg,cat
training,gs://gcp-vertex-ai-poisoning-attack/training/n02116738_2329.jpg,cat
training,gs://gcp-vertex-ai-poisoning-attack/training/n02116738_4758.jpg,cat
training,gs://gcp-vertex-ai-poisoning-attack/training/n02116738_5241.jpg,cat
training,gs://gcp-vertex-ai-poisoning-attack/training/n02116738_634.jpg,cat
training,gs://gcp-vertex-ai-poisoning-attack/training/n02116738_6563.jpg,cat
training,gs://gcp-vertex-ai-poisoning-attack/training/n02116738_6748.jpg,cat
training,gs://gcp-vertex-ai-poisoning-attack/training/n02116738_806.jpg,cat
training,gs://gcp-vertex-ai-poisoning-attack/training/n02116738_9282.jpg,cat
